省属,府直隶州,州县,清真寺名称,,,,,
湖北,襄阳府,襄阳县,樊城清真寺,,,,,
湖北,襄阳府,襄阳县,襄城清真寺,,,,,
湖北,襄阳府,襄阳县,双沟清真寺,,,,,
湖北,襄阳府,南漳县,武镇清真寺,,,,,
湖北,襄阳府,枣阳县,枣阳顺城清真寺,,,,,
湖北,襄阳府,枣阳县,逯堂镇西寺,,,,,
湖北,襄阳府,宜城县,袁家垸清真寺,,,,,
湖北,襄阳府,光化县,老河口清真寺,,,,,
湖北,襄阳府,谷城县,谷城清真寺,,,,,
湖北,汉阳府,汉阳县,民权路清真寺（广益桥清真寺）,,,,,
湖北,武昌府,,金龙巷清真寺,,,,,
湖北,武昌府,,起义街清真寺,,,,,
湖北,汉阳府,汉川县,清真寺,,,,,
湖北,汉阳府,汉川县,清真寺,,,,,
湖北,汉阳府,沔阳州,沔城清真东寺,,,,,
湖北,汉阳府,沔阳州,沔城清真西寺,,,,,
湖北,汉阳府,沔阳州,红庙清真寺,,,,,
湖北,汉阳府,沔阳州,魏家湾清真寺,,,,,
湖北,汉阳府,沔阳州,通海口清真寺,,,,,
湖北,汉阳府,沔阳州,李湾清真寺,,,,,
湖北,汉阳府,沔阳州,黄马沟清真寺,,,,,
湖北,汉阳府,沔阳州,新堤镇清真寺,,,,,
湖北,汉阳府,沔阳州,珂里清真寺,,,,,
湖北,汉阳府,沔阳州,月堤清真寺,,,,,
湖北,汉阳府,沔阳州,吕蒙口清真寺,,,,,
湖北,荆州府,,沙洋镇清真寺,,,,,
湖北,安陆府,,熊口镇清真寺,,,,,
湖北,荆州府,江陵县,荆州清真寺,,,,,
湖北,安陆府,钟祥县,九里清真寺,,,,,
湖北,荆州府,松滋县,西斋清真寺,,,,,
湖北,安陆府,天门县,岳口镇清真寺,,,,,
湖北,郧阳府,郧西县,西川清真寺,,,,,
湖北,郧阳府,郧西县,红岩东寺,,,,,
湖北,郧阳府,郧西县,十八盘清真寺,,,,,
湖北,郧阳府,郧县,城关镇清真寺,,,,,
湖北,郧阳府,房县,城关镇清真寺,,,,,
湖北,郧阳府,竹溪县,城关镇清真寺,,,,,
湖北,宜昌府,东湖县,清真寺,,,,,
山西,太原府,阳曲县,清真古寺,,,,,
山西,大同府,,清真寺,,,,,
山西,大同府,,清真寺,,,,,
山西,太原府,,清真寺,,,,,
山西,潞安府,,清真北寺,,,,,
山西,潞安府,,清真南寺,,,,,
山西,泽州府,,东关清真寺,,,,,
山西,平阳府,,曲沃清真寺,,,,,
山西,归绥六厅绥远厅,,清真大寺,,,,,
山西,归绥六厅绥远厅,,清真东寺,,,,,
山西,归绥六厅（绥远还是归化待查,,清真西寺,,,,,
山西,归绥六厅归化厅,,清真南寺,,,,,
山西,归绥六厅绥远厅,,呼和浩特新城清真寺,,,,,
山西,归绥六厅,,托克托清真寺,,,,,
山西,归绥六厅萨拉齐厅,,包头清真大寺,,,,,
山西,归绥六厅萨拉齐厅,,包头瓦窑沟清真寺,,,,,
山西,丰镇直隶厅,,丰镇城关镇清真寺,,,,,
山西,丰镇直隶厅,,隆盛庄清真寺,,,,,
广东,广州府,新安县,九龙清真寺,,,,,
广东,广州府,新安县,香港回教清真礼拜总堂（些利街清真寺）,,,,,
广东,广州府,,清真寺,,,,,
广东,广州府,,清真寺,,,,,
广东,广州府,,清真寺,,,,,
广东,广州府,,清真寺,,,,,
广东,广州府,,怀圣寺（光塔寺）,,,,,
广东,广州府,,濠畔清真寺,,,,,
广东,广州府,,小东营清真寺,,,,,
广东,广州府,,南胜清真寺,,,,,
广东,广州府,,东郊清真寺,,,,,
广东,肇庆府,端州,城东清真寺,,,,,
广东,肇庆府,端州,城西清真寺,,,,,
广东,崖州,,清真古寺（东庙）,,,,,
广东,崖州,崖州,清真北寺,,,,,
广东,崖州,崖州,清真南寺,,,,,
广东,崖州,崖州,清真西寺,,,,,
广东,崖州,崖州,南开清真寺,,,,,
浙江,杭州府,,真教寺,,,,,
浙江,杭州府,,清真寺,,,,,
浙江,杭州府,,清真寺,,,,,
浙江,杭州府,,清真寺,,,,,
浙江,杭州府,,清真寺,,,,,
浙江,杭州府,,清真寺,,,,,
浙江,杭州府,,回回拜佛堂,,,,,
浙江,宁波府,鄞县,清真寺,,,,,
浙江,温州府,,清真寺,,,,,
浙江,嘉兴府,,清真寺,,,,,
浙江,处州府,丽水县,清真寺,,,,,
浙江,衢州府,西安县,清真寺,,,,,
福建,台湾府,鹿港,清真寺,,,,,
福建,泉州府,惠安,清真寺,,,,,
福建,泉州府,,清真寺,,,,,
福建,福州府,,清真寺,,,,,
福建,邵武府,,清真寺,,,,,
福建,厦门,,清真寺,,,,,
江苏,江宁府,,净觉寺,,,,,
江苏,江宁府,,太平路清真寺（花牌礼拜寺）,,,,,
江苏,江宁府,,草桥清真寺,,,,,
江苏,江宁府,,小王府清真寺,,,,,
江苏,江宁府,,湖熟镇清真寺,,,,,
江苏,江宁府,,吉兆营清真寺,,,,,
江苏,江宁府,,清真巷清真寺,,,,,
江苏,江宁府,,内桥清真寺,,,,,
江苏,扬州府,,仙鹤寺,,,,,
江苏,扬州府,江都县,清真寺,,,,,
江苏,淮安府,山阳县,清真寺,,,,,
江苏,海州,,清真寺,,,,,
江苏,扬州府,高邮州,清真寺,,,,,
江苏,扬州府,高邮州,清真寺,,,,,
江苏,镇江府,丹徒县,清真寺（老寺）,,,,,
江苏,镇江府,丹徒县,山巷清真寺（西大寺）,,,,,
江苏,镇江府,丹徒县,清真寺,,,,,
江苏,镇江府,丹徒县,清真寺,,,,,
江苏,苏州府,,惠敏礼拜寺,,,,,
江苏,苏州府,,瑞凝礼拜寺,,,,,
江苏,苏州府,,天库前清真经学,,,,,
江苏,苏州府,,大铁局弄礼拜寺,,,,,
江苏,常州府,,真教寺,,,,,
江苏,松江府,上海县,穿心街礼拜堂（北寺）,,,,,
江苏,松江府,上海县,租界清真寺,,,,,
江苏,松江府,上海县,草鞋湾清真寺（南寺）,,,,,
江苏,松江府,娄县,松江清真寺,,,,,
江苏,松江府,上海县,斜桥清真寺,,,,,
江苏,松江府,青浦县,真教寺,,,,,
江苏,松江府,上海县,沪西清真寺（药水弄回教堂、小沙渡回教堂）,,,,,
江苏,松江府,上海县,肇嘉浜清真寺（息心亭清真别墅）,,,,,
吉林,依兰府,,依兰清真寺,,,,,
吉林,阿勒楚喀副都统,,五常清真寺,,,,,
吉林,阿勒楚喀副都统,,阿城清真寺,,,,,
吉林,阿勒楚喀副都统,,哈尔滨道外区原东寺,,,,,
吉林,双城府,,双城清真寺,,,,,
吉林,临江府,,富锦清真寺,,,,,
吉林,桦川县,,桦川清真寺,,,,,
吉林,阿勒楚喀副都统,,鞑靼清真寺,,,,,
吉林,阿勒楚喀副都统,,香坊清真寺,,,,,
吉林,长春府,,清真寺,,,,,
吉林,长春府,,小合隆村清真寺,,,,,
吉林,长春府,,清真寺,,,,,
吉林,长春府,,清真寺,,,,,
吉林,长春府,,清真寺,,,,,
吉林,长春府,,清真寺,,,,,
吉林,长春府,,清真寺,,,,,
吉林,吉林府双阳县,双阳县,清真寺,,,,,
吉林,新城府榆树县,榆树县,清真寺,,,,,
吉林,新城府榆树县,榆树县,牛头山清真寺,,,,,
吉林,新城府榆树县,榆树县,清真寺,,,,,
吉林,吉林将军属柳条边新边下九台,,清真寺,,,,,
吉林,吉林将军属柳条边新边下九台,,清真寺,,,,,
吉林,吉林将军属柳条边新边下九台,,清真寺,,,,,
吉林,吉林将军属柳条边新边下九台,,东前央清真寺,,,,,
吉林,吉林将军属柳条边新边下九台,,清真寺,,,,,
吉林,吉林将军属柳条边新边下九台,,清真寺,,,,,
吉林,吉林将军属柳条边新边下九台,,清真寺,,,,,
吉林,吉林将军属柳条边新边下九台,,清真寺,,,,,
吉林,吉林府,,北寺,,,,,
吉林,吉林府,,东寺,,,,,
吉林,吉林府,,西寺,,,,,
吉林,吉林府,,拱北寺,,,,,
吉林,吉林府,,清真寺,,,,,
吉林,吉林府,,清真寺,,,,,
吉林,吉林府,,清真寺,,,,,
吉林,吉林府,,清真寺,,,,,
吉林,吉林府,,清真寺,,,,,
吉林,吉林府,伊通州梨树县,清真寺,,,,,
吉林,吉林府,伊通州,伊通县清真寺,,,,,
吉林,吉林府,伊通州,清真寺,,,,,
吉林,吉林府,伊通州,清真寺,,,,,
吉林,吉林府,伊通州,清真寺,,,,,
吉林,吉林府,伊通州,清真寺,,,,,
吉林,新城府,,清真寺,,,,,
吉林,珲春厅,,清真寺,,,,,
吉林,吉林府,敦化县,清真寺,,,,,
黑龙江,龙江府,,齐齐哈尔清真东寺,,,,,
黑龙江,宁安府,,宁安清真寺,,,,,
黑龙江,呼兰府,,呼兰清真寺,,,,,
黑龙江,龙江府,,齐齐哈尔清真西寺,,,,,
黑龙江,巴彦州,,巴彦清真寺,,,,,
黑龙江,宁安府,,宁安东京城清真寺,,,,,
黑龙江,"绥化府

",,绥化清真寺,,,,,
黑龙江,瑷珲城,,瑷珲清真寺,,,,,
黑龙江,呼兰府,兰西县,兰西清真寺,,,,,
黑龙江,海伦府,,海伦清真寺,,,,,
黑龙江,安达厅,,安达清真寺,,,,,
奉天,昌图府,辽源州,清真寺,,,,,
奉天,昌图府,辽源州,双辽市清真寺,,,,,
奉天,海龙府,,清真寺,,,,,
奉天,兴京府,通化县,清真寺,,,,,
奉天,兴京府,通化县,清真寺,,,,,
奉天,海龙府,柳河县,清真寺,,,,,
奉天,辉南厅,,清真寺,,,,,
奉天,辉南厅,,清真寺,,,,,
奉天,昌图府,,清真寺,,,,,
奉天,兴京府,临江县,临江清真寺,,,,,
奉天,洮南府,,洮南清真寺,,,,,
奉天,海龙府,,清真寺,,,,,
奉天,奉天府,承德县,沈阳清真南寺,,,,,
奉天,奉天府,承德县,沈阳清真北寺,,,,,
奉天,奉天府,承德县,沈阳清真东寺,,,,,
奉天,法库厅,,法库清真寺,,,,,
奉天,庄河厅,,庄河清真寺,,,,,
奉天,奉天府,海城县,鞍山清真寺,,,,,
奉天,奉天府,海城县,海城市清真寺,,,,,
奉天,奉天府,海城县,牛庄清真寺,,,,,
奉天,奉天府,新民厅,台安县清真寺,,,,,
奉天,奉天府,岫岩州,岫岩县清真寺,,,,,
奉天,奉天府,本溪县,溪湖清真寺,,,,,
奉天,奉天府,辽阳州,火连寨清真寺,,,,,
奉天,奉天府,岫岩州安东县,官电街清真寺,,,,,
奉天,凤凰厅,,凤城清真寺,,,,,
奉天,锦州府,,锦州清真寺,,,,,
奉天,锦州府,,北镇清真寺,,,,,
奉天,锦州府,,新立屯清真寺,,,,,
奉天,新民府,,新民清真寺,,,,,
奉天,奉天府,辽中县,辽中清真寺,,,,,
奉天,锦州府,义州,义县清真南寺,,,,,
奉天,锦州府,义州,义县清真北寺,,,,,
奉天,锦州府,义州,稍户营子清真寺,,,,,
奉天,营口直隶厅,,营口清真西寺,,,,,
奉天,营口直隶厅,,营口清真东寺,,,,,
奉天,奉天府,盖平县,万福清真寺,,,,,
奉天,奉天府,盖平县,盖州清真寺,,,,,
奉天,营口直隶厅,,虎庄清真寺,,,,,
奉天,营口直隶厅,,熊岳清真寺,,,,,
奉天,锦州府,,绥中清真寺,,,,,
奉天,奉天府,复州,复州清真寺,,,,,
奉天,奉天府,辽阳州,辽阳清真寺,,,,,
安徽,安庆府,怀宁县,清真寺,,,,,
安徽,安庆府,怀宁县,清真寺,,,,,
安徽,安庆府,怀宁县,清真寺,,,,,
安徽,安庆府,怀宁县,清真寺,,,,,
安徽,安庆府,怀宁县,清真寺,,,,,
安徽,安庆府,怀宁县,清真寺,,,,,
安徽,安庆府,怀宁县,清真寺,,,,,
安徽,安庆府,怀宁县,南关清真寺,,,,,
安徽,凤阳府,寿州寿县,寿县清真寺,,,,,
安徽,凤阳府,寿州寿县,清真寺,,,,,
安徽,凤阳府,寿州寿县,清真寺,,,,,
安徽,凤阳府,寿州寿县,清真寺,,,,,
安徽,凤阳府,寿州寿县,清真寺,,,,,
安徽,凤阳府,寿州寿县,清真寺,,,,,
安徽,凤阳府,寿州寿县,清真寺,,,,,
安徽,凤阳府,寿州寿县,陶家寺,,,,,
安徽,凤阳府,寿州寿县,新寺,,,,,
安徽,凤阳府,寿州寿县,清真寺,,,,,
安徽,凤阳府,寿州寿县,清真寺,,,,,
安徽,凤阳府,寿州寿县,清真寺,,,,,
安徽,凤阳府,寿州寿县,清真寺,,,,,
安徽,凤阳府,寿州寿县,清真寺,,,,,
安徽,凤阳府,寿州寿县,清真寺,,,,,
安徽,凤阳府,寿州寿县,清真寺,,,,,
安徽,凤阳府,寿州寿县,清真寺,,,,,
安徽,凤阳府,寿州寿县,清真寺,,,,,
安徽,凤阳府,寿州寿县,清真寺,,,,,
安徽,凤阳府,寿州寿县,清真寺,,,,,
安徽,凤阳府,寿州寿县,清真寺,,,,,
安徽,凤阳府,寿州寿县,清真寺,,,,,
安徽,凤阳府,寿州寿县,清真寺,,,,,
安徽,凤阳府,寿州寿县,清真寺,,,,,
安徽,凤阳府,寿州寿县,清真寺,,,,,
安徽,凤阳府,寿州寿县,三角寺,,,,,
安徽,凤阳府,寿州寿县,清真寺,,,,,
安徽,凤阳府,寿州寿县,清真寺,,,,,
安徽,凤阳府,寿州寿县,清真寺,,,,,
安徽,凤阳府,寿州寿县,清真寺,,,,,
安徽,凤阳府,寿州寿县,清真寺,,,,,
安徽,凤阳府,寿州寿县,清真寺,,,,,
安徽,凤阳府,寿州寿县,清真寺,,,,,
安徽,凤阳府,寿州寿县,清真寺,,,,,
安徽,凤阳府,寿州寿县,清真寺,,,,,
安徽,凤阳府,寿州寿县,清真寺,,,,,
安徽,凤阳府,定远县,清真寺,,,,,
安徽,凤阳府,定远县,清真寺,,,,,
安徽,凤阳府,定远县,清真寺,,,,,
安徽,凤阳府,定远县,清真寺,,,,,
安徽,凤阳府,定远县,清真北寺,,,,,
安徽,凤阳府,定远县,清真南寺,,,,,
安徽,凤阳府,定远县,河南寺,,,,,
安徽,凤阳府,定远县,河北寺,,,,,
安徽,凤阳府,定远县,清真寺,,,,,
安徽,凤阳府,定远县,草礼拜寺,,,,,
安徽,凤阳府,定远县,清真寺,,,,,
安徽,凤阳府,定远县,清真寺,,,,,
安徽,凤阳府,定远县,清真寺,,,,,
安徽,凤阳府,定远县,清真寺,,,,,
安徽,凤阳府,定远县,清真寺,,,,,
安徽,凤阳府,定远县,清真寺,,,,,
安徽,凤阳府,定远县,清真寺,,,,,
安徽,凤阳府,定远县,清真寺,,,,,
安徽,和州,和县,回教堂,,,,,
安徽,和州,和县,回教堂,,,,,
安徽,和州,和县,回教堂,,,,,
安徽,和州,和县,礼拜堂,,,,,
安徽,和州,含山县,清真寺,,,,,
安徽,六安州,六安县,清真寺,,,,,
安徽,六安州,六安县,清真寺,,,,,
安徽,凤阳府,宿州宿县,清真寺,,,,,
安徽,凤阳府,凤台县,清真东寺,,,,,
安徽,凤阳府,凤台县,清真西寺,,,,,
安徽,颍州府,颍上县,清真寺,,,,,
安徽,颍州府,颍上县,清真寺,,,,,
安徽,颍州府,颍上县,清真寺,,,,,
安徽,颍州府,颍上县,清真寺,,,,,
安徽,颍州府,颍上县,清真东寺,,,,,
安徽,颍州府,颍上县,清真西寺,,,,,
安徽,颍州府,颍上县,清真寺,,,,,
安徽,庐州府,舒城县,清真寺,,,,,
安徽,安庆府,桐城县,清真寺,,,,,
安徽,安庆府,桐城县,清真寺,,,,,
安徽,庐州府,庐江县,清真寺,,,,,
安徽,庐州府,无为州无为县,清真寺,,,,,
安徽,宁国府,宣城县,清真寺,,,,,
安徽,宁国府,宣城县,清真寺,,,,,
安徽,宁国府,宣城县,清真寺,,,,,
安徽,庐州府,合肥县,清真寺,,,,,
安徽,庐州府,合肥县,清真寺,,,,,
安徽,庐州府,合肥县,清真寺,,,,,
安徽,庐州府,合肥县,清真寺,,,,,
安徽,庐州府,合肥县,清真寺,,,,,
安徽,庐州府,合肥县,清真寺,,,,,
安徽,滁州,滁县,清真寺,,,,,
安徽,滁州,滁县,清真寺,,,,,
安徽,滁州,滁县,清真寺,,,,,
安徽,滁州,滁县,清真寺,,,,,
安徽,滁州,滁县,清真寺,,,,,
安徽,滁州,全椒县,清真寺,,,,,
安徽,滁州,全椒县,清真大寺,,,,,
安徽,滁州,全椒县,清真小寺,,,,,
安徽,滁州,全椒县,清真寺,,,,,
安徽,太平府,繁昌县,清真寺,,,,,
安徽,太平府,繁昌县,回教堂,,,,,
安徽,太平府,繁昌县,礼拜堂,,,,,
安徽,泗州,五河县,清真寺,,,,,
安徽,泗州,五河县,清真寺,,,,,
安徽,泗州,五河县,清真寺,,,,,
安徽,凤阳府,凤阳县,回教堂,,,,,
安徽,凤阳府,凤阳县,清真寺,,,,,
安徽,凤阳府,凤阳县,清真前寺,,,,,
安徽,凤阳府,凤阳县,清真后寺,,,,,
安徽,凤阳府,凤阳县,清真寺,,,,,
安徽,凤阳府,凤阳县,清真寺,,,,,
安徽,太平府,芜湖县,清真寺,,,,,
安徽,太平府,芜湖县,清真寺,,,,,
安徽,泗州,盱眙县,清真寺,,,,,
安徽,泗州,泗县,清真寺,,,,,
安徽,泗州,泗县,清真寺,,,,,
安徽,颍州府,亳州亳县,清真寺,,,,,
安徽,颍州府,亳州亳县,清真寺,,,,,
安徽,颍州府,亳州亳县,清真寺,,,,,
安徽,颍州府,亳州亳县,清真寺,,,,,
安徽,颍州府,亳州亳县,清真寺,,,,,
安徽,颍州府,亳州亳县,清真寺,,,,,
安徽,滁州,来安县,清真寺,,,,,
安徽,太平府,当涂县,清真寺,,,,,
安徽,颍州府,涡阳县,清真寺,,,,,
安徽,颍州府,太和县,清真寺,,,,,
安徽,颍州府,太和县,清真寺,,,,,
安徽,颍州府,太和县,清真寺,,,,,
安徽,颍州府,太和县,清真寺,,,,,
安徽,颍州府,阜阳县,清真寺,,,,,
安徽,颍州府,阜阳县,清真寺,,,,,
安徽,颍州府,阜阳县,清真寺,,,,,
安徽,池州府,铜陵县,清真寺,,,,,
安徽,池州府,铜陵县,清真寺,,,,,
安徽,颍州府,霍邱县,清真寺,,,,,
安徽,颍州府,霍邱县,清真寺,,,,,
安徽,颍州府,霍邱县,清真寺,,,,,
安徽,颍州府,亳州亳县,清真寺,,,,,
安徽,颍州府,亳州亳县,清真寺,,,,,
安徽,颍州府,亳州亳县,清真寺,,,,,
安徽,颍州府,亳州亳县,清真寺,,,,,
安徽,颍州府,亳州亳县,清真寺,,,,,
安徽,颍州府,亳州亳县,清真寺,,,,,
安徽,颍州府,亳州亳县,清真寺,,,,,
安徽,颍州府,亳州亳县,清真寺,,,,,
安徽,颍州府,亳州亳县,清真寺,,,,,
安徽,颍州府,亳州亳县,清真寺,,,,,
广西,南宁府,南宁城,清真寺,,,,,
广西,百色厅,,清真寺,,,,,
广西,平乐府平乐县,平乐县,清真寺,,,,,
广西,柳州府,柳州县,回教礼拜堂,,,,,
广西,柳州府,柳州县,回教礼拜堂,,,,,
广西,桂林府,永福县,清真寺,,,,,
广西,桂林府,永福县,清真寺,,,,,
广西,桂林府,永福县,清真寺,,,,,
广西,桂林府,永福县,清真寺,,,,,
广西,桂林府,永福县,清真寺,,,,,
广西,桂林府,临桂县,清真古寺,,,,,
广西,桂林府,临桂县,清真寺,,,,,
广西,桂林府,临桂县,回教礼拜堂,,,,,
广西,桂林府,临桂县,清真寺,,,,,
广西,桂林府,临桂县,清真寺,,,,,
广西,桂林府,临桂县,回教礼拜堂,,,,,
广西,桂林府,临桂县,清真寺,,,,,
广西,桂林府,灵川县,清真寺,,,,,
广西,桂林府,临桂县,清真寺,,,,,
广西,桂林府,临桂县,清真寺,,,,,
广西,桂林府,临桂县,清真寺,,,,,
广西,桂林府,临桂县,清真寺,,,,,
广西,桂林府,永福县,清真寺,,,,,
广西,桂林府,临桂县,盐街清真寺,,,,,
广西,桂林府,临桂县,文昌门外清真寺,,,,,
广西,桂林府,临桂县,独岭塘清真寺,,,,,
广西,桂林府,临桂县,池头清真寺,,,,,
广西,桂林府,临桂县,太平圩清真寺,,,,,
广西,桂林府,旧临桂,两江清真寺,,,,,
广西,桂林府,旧临桂,傅家洞清真寺,,,,,
广西,庆远府,宜山县,庆远清真寺,,,,,
广西,归顺直隶州,,靖西清真寺,,,,,
西藏,前藏,拉萨,清真寺,,,,,
西藏,前藏,拉萨,河坝林清真寺,,,,,
西藏,前藏,拉萨,清真寺,,,,,
西藏,前藏,泽当,清真寺,,,,,
西藏,后藏,日喀则,清真寺,,,,,
西藏,康部,察木多,清真寺,,,,,
四川,雅州府,打箭炉厅,清真寺,,,,,
四川,夔州府,奉节县,奉节清真寺,,,,,
四川,重庆府,,清真西寺,,,,,
四川,重庆府,合川县,合川清真寺,,,,,
四川,重庆府,荣昌县,荣昌清真寺,,,,,
四川,龙安府,平武县,平武县清真寺,,,,,
四川,保宁府,广元县,广元清真寺,,,,,
四川,保宁府,广元县,上河街清真寺,,,,,
四川,宁远府,,清真寺,,,,,
四川,宁远府,,清真寺,,,,,
四川,宁远府,,清真寺,,,,,
四川,成都府,灌县,清真南寺,,,,,
四川,成都府,新都县,罗家寺,,,,,
四川,成都府,新都县,马家寺,,,,,
四川,成都府,新都县,唐家寺,,,,,
四川,成都府,新都县,清净寺,,,,,
四川,成都府,新都县,虎家寺,,,,,
四川,成都府,新都县,清真寺,,,,,
四川,成都府,新都县,湖南寺,,,,,
四川,成都府,,皇城寺,,,,,
四川,成都府,,西寺,,,,,
四川,成都府,,清真八寺,,,,,
四川,成都府,,北寺,,,,,
四川,成都府,,九寺,,,,,
四川,成都府,,七寺,,,,,
四川,成都府,,鼓楼寺,,,,,
四川,成都府,,清真寺,,,,,
四川,成都府,,清真寺,,,,,
四川,成都府,,清真寺,,,,,
四川,成都府,,清真寺,,,,,
四川,成都府,,清真寺,,,,,
四川,成都府,,清真寺,,,,,
四川,成都府,,清真寺,,,,,
四川,成都府,,清真西关寺,,,,,
四川,成都府,,清真上寺,,,,,
四川,成都府,,北关寺,,,,,
四川,松潘厅,,清真下寺,,,,,
四川,松潘厅,,清真上寺,,,,,
四川,松潘厅,,清真北寺,,,,,
四川,绵州,,清真寺,,,,,
四川,夔州府,万县,清真寺,,,,,
四川,绥定府,达县,清真寺,,,,,
四川,绥定府,大竹县,大竹清真寺,,,,,
四川,绵州,梓潼县,清真寺,,,,,
四川,叙永厅,,清真寺,,,,,
四川,成都府,彭县,清真西寺,,,,,
四川,成都府,郫县,清真寺,,,,,
四川,宁远府,会理州,清真寺,,,,,
四川,宁远府,会理州,清真寺,,,,,
四川,宁远府,会理州,清真寺,,,,,
四川,宁远府,会理州,清真寺,,,,,
四川,宁远府,会理州,清真寺,,,,,
四川,宁远府,会理州,清真寺,,,,,
四川,绵州,,清真寺,,,,,
四川,龙安府,江油县,清真寺,,,,,
四川,潼川府,三台县,清真寺,,,,,
四川,绵州,安县,清真寺,,,,,
四川,绵州,安县,清真寺,,,,,
四川,潼川府,盐亭县,军门清真寺,,,,,
四川,潼川府,盐亭县,红心清真寺,,,,,
四川,潼川府,盐亭县,达家坪清真寺,,,,,
四川,潼川府,盐亭县,清真寺,,,,,
四川,龙安府,平武县,清真寺,,,,,
四川,保宁府,,清真寺,,,,,
四川,龙安府,,清真寺,,,,,
四川,叙州府,隆昌县,高星清真寺,,,,,
四川,嘉定府,,清真寺,,,,,
四川,嘉定府,犍为县,清真寺,,,,,
四川,嘉定府,峨眉县,清真寺,,,,,
四川,叙州府,宜宾县,清真寺,,,,,
四川,顺庆府,,清真寺,,,,,
四川,重庆府,定远县,清真寺,,,,,
四川,保宁府,阆中县,清真寺,,,,,
四川,保宁府,阆中县,久照亭拱北寺,,,,,
四川,松潘厅,,清真寺,,,,,
四川,松潘厅,,清真寺,,,,,
四川,松潘厅,,清真寺,,,,,
四川,懋功屯务厅,,清真寺,,,,,
四川,宁远府,,清真西寺,,,,,
四川,宁远府,,清真寺,,,,,
四川,宁远府,,四百户清真寺,,,,,
四川,宁远府,,清真寺,,,,,
四川,宁远府,,玉石塘清真寺,,,,,
四川,宁远府,,清真寺,,,,,
四川,宁远府,,清真寺,,,,,
四川,宁远府,,沙家堡清真寺,,,,,
四川,宁远府,,清真寺,,,,,
四川,宁远府,,清真寺,,,,,
四川,宁远府,,清真寺,,,,,
四川,宁远府,,清真寺,,,,,
甘肃,西宁府,,南关清真寺,,,,,
甘肃,西宁府,,北关清真寺,,,,,
甘肃,西宁府,,玉带桥清真寺,,,,,
甘肃,西宁府,,路林巷清真寺,,,,,
甘肃,西宁府,,西关大街清真寺,,,,,
甘肃,西宁府,大通县,桥头镇元树尔清真寺,,,,,
甘肃,西宁府,大通县,城关镇西门清真寺,,,,,
甘肃,西宁府,大通县,城关镇上沙巴图清真寺,,,,,
甘肃,西宁府,大通县,城关镇林家台清真寺,,,,,
甘肃,西宁府,大通县,塔尔镇上半沟村清真寺,,,,,
甘肃,西宁府,大通县,塔尔镇塔尔湾清真寺,,,,,
甘肃,西宁府,大通县,塔尔镇凉州庄清真寺,,,,,
甘肃,西宁府,大通县,塔尔镇河州庄清真寺,,,,,
甘肃,西宁府,大通县,塔尔镇下旧庄清真寺,,,,,
甘肃,西宁府,大通县,塔尔镇泉沟清真寺,,,,,
甘肃,西宁府,大通县,塔尔镇下韭菜沟清真寺,,,,,
甘肃,西宁府,大通县,塔尔镇药草滩清真寺（东西庄清真寺）,,,,,
甘肃,西宁府,大通县,塔尔镇安家清真寺,,,,,
甘肃,西宁府,大通县,新庄镇下山清真寺,,,,,
甘肃,西宁府,大通县,新庄镇硖门清真寺,,,,,
甘肃,西宁府,大通县,新庄镇新庄清真寺,,,,,
甘肃,西宁府,大通县,新庄镇红石崖清真寺,,,,,
甘肃,西宁府,大通县,新庄镇兰隆清真寺,,,,,
甘肃,西宁府,大通县,新庄镇尕庄清真寺,,,,,
甘肃,西宁府,大通县,新庄镇唐家清真寺,,,,,
甘肃,西宁府,大通县,长宁镇甘沟门清真寺,,,,,
甘肃,西宁府,大通县,景阳镇岗冲清真寺,,,,,
甘肃,西宁府,大通县,极乐乡后庄清真寺,,,,,
甘肃,西宁府,大通县,极乐乡深沟清真寺,,,,,
甘肃,西宁府,大通县,良教乡白崖清真寺,,,,,
甘肃,西宁府,大通县,良教乡上沙布清真寺,,,,,
甘肃,西宁府,大通县,良教乡上治泉清真寺,,,,,
甘肃,西宁府,大通县,良教乡下沙布清真寺,,,,,
甘肃,西宁府,大通县,良教乡良教沟清真寺,,,,,
甘肃,西宁府,大通县,良教乡松林清真寺,,,,,
甘肃,西宁府,大通县,良教乡煤洞沟清真寺,,,,,
甘肃,西宁府,大通县,良教乡桥尔沟清真寺,,,,,
甘肃,西宁府,大通县,良教乡下甘沟清真寺,,,,,
甘肃,西宁府,大通县,桦林乡七棵树清真寺,,,,,
甘肃,西宁府,大通县,桦林乡石板坡清真寺,,,,,
甘肃,西宁府,大通县,桦林乡冶家庄清真寺,,,,,
甘肃,西宁府,大通县,桦林乡俄博沟清真寺,,,,,
甘肃,西宁府,大通县,桦林乡贲哇沟清真寺,,,,,
甘肃,西宁府,大通县,石山乡红垭豁清真寺,,,,,
甘肃,西宁府,大通县,石山乡杂户清真寺,,,,,
甘肃,西宁府,大通县,石山乡后沟清真寺,,,,,
甘肃,西宁府,大通县,石山乡铧尖清真寺,,,,,
甘肃,西宁府,大通县,石山乡石板滩清真寺,,,,,
甘肃,西宁府,大通县,石山乡西坡清真寺,,,,,
甘肃,西宁府,大通县,石山乡上丰积清真寺,,,,,
甘肃,西宁府,大通县,石山乡下丰积清真寺,,,,,
甘肃,西宁府,大通县,石山乡小沟清真寺,,,,,
甘肃,西宁府,大通县,斜沟乡小业巴清真寺,,,,,
甘肃,西宁府,,上五庄镇合尔盖清真寺,,,,,
甘肃,西宁府,,上五庄镇白纳清真寺,,,,,
甘肃,西宁府,,上五庄镇邦巴清真大寺,,,,,
甘肃,西宁府,,上五庄镇纳卜藏清真大寺,,,,,
甘肃,西宁府,,汉东回族乡东清真大寺,,,,,
甘肃,西宁府,,汉东回族乡贾尔沟清真寺,,,,,
甘肃,西宁府,,汉东回族乡前窑清真寺,,,,,
甘肃,西宁府,,汉东回族乡冰沟清真上寺,,,,,
甘肃,西宁府,,汉东回族乡冰沟清真下寺,,,,,
甘肃,西宁府,,大才回族乡白崖清真寺,,,,,
甘肃,西宁府,,大才回族乡中沟清真寺,,,,,
甘肃,西宁府,,大才回族乡上措隆清真寺,,,,,
甘肃,西宁府,,大才回族乡前沟清真寺,,,,,
甘肃,西宁府,,上新庄镇河滩清真寺,,,,,
甘肃,西宁府,,上新庄上峡门清真寺,,,,,
甘肃,西宁府,,多巴镇多巴清真大寺,,,,,
甘肃,西宁府,,多巴镇康城寨清真寺,,,,,
甘肃,西宁府,,海子沟乡松家沟清真寺,,,,,
甘肃,西宁府,,鲁沙尔镇鲁沙尔清真大寺,,,,,
甘肃,西宁府,,田家寨镇马昌沟清真寺,,,,,
甘肃,西宁府,,洪水泉回族乡井尔沟清真寺,,,,,
甘肃,西宁府,,洪水泉回族乡井尔沟青崖槽子清真寺,,,,,
甘肃,西宁府,,洪水泉回族乡沟滩村清真寺,,,,,
甘肃,西宁府,,洪水泉回族乡拉树岭清真寺,,,,,
甘肃,西宁府,,小峡镇小峡清真下寺,,,,,
甘肃,西宁府,,古城回族乡新庄尔清真大寺,,,,,
甘肃,西宁府,,石灰窑回族乡上唐隆台清真寺,,,,,
甘肃,西宁府,,沙沟回族乡沙沟清真大寺,,,,,
甘肃,西宁府,,沙沟回族乡树尔湾清真大寺,,,,,
甘肃,西宁府,,沙沟回族乡窑洞清真上寺,,,,,
甘肃,西宁府,,巴藏沟回族乡上马家清真寺,,,,,
甘肃,西宁府,,巴藏沟回族乡下马家清真寺,,,,,
甘肃,西宁府,,石灰窑回族乡唐隆台村清真寺,,,,,
甘肃,西宁府,,石灰窑回族乡处处尔沟清真寺,,,,,
甘肃,西宁府,,川口镇清真北寺,,,,,
甘肃,西宁府,,川口镇清真中寺,,,,,
甘肃,西宁府,,川口镇米拉湾清真下寺,,,,,
甘肃,西宁府,,川口镇米拉湾清真寺,,,,,
甘肃,西宁府,,松树乡崖湾村百户清真寺,,,,,
甘肃,西宁府,,峡门镇巴地沟村刘家岭清真寺,,,,,
甘肃,西宁府,,新民乡毛拉山清真寺,,,,,
甘肃,西宁府,,李二堡镇寺尔庄下庄清真寺,,,,,
甘肃,西宁府,,李二堡镇山庄村新庄廓清真寺,,,,,
甘肃,西宁府,,李二堡镇下藏清真寺,,,,,
甘肃,西宁府,,李二堡镇窑洞清真寺,,,,,
甘肃,西宁府,,李二堡镇龚家庄村下马家清真寺,,,,,
甘肃,西宁府,,李二堡镇龚家庄清真寺,,,,,
甘肃,西宁府,,李二堡镇塘儿垣村十会大清真下寺,,,,,
甘肃,西宁府,,李二堡镇塘儿垣村十会大清真上寺,,,,,
甘肃,西宁府,,核桃庄乡大庄村下大庄清真新寺,,,,,
甘肃,西宁府,,核桃庄乡大庄村上湾家清真寺,,,,,
甘肃,西宁府,,核桃庄乡五方村二社清真寺,,,,,
甘肃,西宁府,,核桃庄乡堡子清真老寺,,,,,
甘肃,西宁府,,核桃庄乡堡子村三方清真寺,,,,,
甘肃,西宁府,,核桃庄乡核桃庄清真老寺,,,,,
甘肃,西宁府,,核桃庄乡核桃庄清真新寺,,,,,
甘肃,西宁府,,巴州镇羊羔滩清真寺,,,,,
甘肃,西宁府,,巴州镇下宣清真寺,,,,,
甘肃,西宁府,,巴州镇黄池村大焦土清真寺,,,,,
甘肃,西宁府,,巴州镇大焦土村马泉沟清真寺,,,,,
甘肃,西宁府,,巴州镇上宣清真寺,,,,,
甘肃,西宁府,,巴州镇胡家村宝成嘴清真寺,,,,,
甘肃,西宁府,,巴州镇胡家村祁家岭清真寺,,,,,
甘肃,西宁府,,西沟乡瓦窑清真寺,,,,,
甘肃,西宁府,,西沟乡马家河村陈家山清真寺,,,,,
甘肃,西宁府,,古鄯镇刘家湾村张家脑清真寺,,,,,
甘肃,西宁府,,古鄯镇来家山清真寺,,,,,
甘肃,西宁府,,大庄乡台集村台集清真寺,,,,,
甘肃,西宁府,,大庄乡台集村池沟清真寺,,,,,
甘肃,西宁府,,大庄乡三家湾村三家湾清真寺,,,,,
甘肃,西宁府,,大庄乡马家川村黄家清真寺,,,,,
甘肃,西宁府,,大庄乡唐卡清真寺,,,,,
甘肃,西宁府,,大庄乡魏家台清真寺,,,,,
甘肃,西宁府,,大庄乡孟家村金家楼清真寺,,,,,
甘肃,西宁府,,马营镇马营清真寺,,,,,
甘肃,西宁府,,马营镇沙塄沟村堡子清真寺,,,,,
甘肃,西宁府,,马营镇鲍家山清真寺（上庄清真寺）,,,,,
甘肃,西宁府,,马营镇安家村上加楞清真寺,,,,,
甘肃,西宁府,,马营镇双泉堡村寺台子清真寺,,,,,
甘肃,西宁府,,转导乡中湾村黑泉清真寺,,,,,
甘肃,西宁府,,转导乡河纳沟村河滩庄清真寺,,,,,
甘肃,西宁府,,转导乡苏家湾村苏家湾清真寺,,,,,
甘肃,西宁府,,满坪镇大滩村深地沟清真下寺,,,,,
甘肃,西宁府,,满坪镇满坪村石磊清真寺,,,,,
甘肃,西宁府,,前河乡前河村中会清真寺,,,,,
甘肃,西宁府,,前河乡前河村上会清真寺,,,,,
甘肃,西宁府,,前河乡前河村下会清真寺,,,,,
甘肃,西宁府,,前河乡前河村狼尾清真寺,,,,,
甘肃,西宁府,,前河乡台其村台其清真寺,,,,,
甘肃,西宁府,,前河乡丰二村下辛家清真寺,,,,,
甘肃,西宁府,,甘沟乡团结村山庄清真寺,,,,,
甘肃,西宁府,,甘沟乡前进村阳山清真寺,,,,,
甘肃,西宁府,,官亭镇官亭清真大寺,,,,,
甘肃,西宁府,,中川乡河东村大马家清真寺,,,,,
甘肃,西宁府,,转导乡前坪村坡根清真寺,,,,,
甘肃,西宁府,,满坪镇大滩村中东湾清真寺,,,,,
甘肃,西宁府,,满坪镇东湾村前东湾清真寺,,,,,
甘肃,西宁府,,塘川镇什字清真寺,,,,,
甘肃,西宁府,,西山乡山庄清真寺,,,,,
甘肃,西宁府,,西山乡邵代家阴山清真寺,,,,,
甘肃,西宁府,,西山乡邵代家阳山清真寺,,,,,
甘肃,西宁府,,扎巴镇要洞清真寺,,,,,
甘肃,西宁府,,扎巴镇上洛乎藏清真新寺,,,,,
甘肃,西宁府,,扎巴镇大拉曲四社（大滩）清真寺,,,,,
甘肃,西宁府,,扎巴镇拉一清真寺,,,,,
甘肃,西宁府,,扎巴镇拉一五社（拉曲湾）清真寺,,,,,
甘肃,西宁府,,扎巴镇下扎巴清真寺,,,,,
甘肃,西宁府,,扎巴镇阳坡（泉古拉）清真寺,,,,,
甘肃,西宁府,,扎巴镇扎巴清真大寺,,,,,
甘肃,西宁府,,牙什尕镇上多巴清真老寺,,,,,
甘肃,西宁府,,牙什尕镇尕日盆清真老寺,,,,,
甘肃,西宁府,,牙什尕镇城车清真大寺,,,,,
甘肃,西宁府,,群科镇加路乎清真寺,,,,,
甘肃,西宁府,,群科镇公义清真寺,,,,,
甘肃,西宁府,,群科镇舍仁清真寺,,,,,
甘肃,西宁府,,群科镇文卜具清真寺,,,,,
甘肃,西宁府,,群科镇古城清真寺,,,,,
甘肃,西宁府,,群科镇群科清真寺,,,,,
甘肃,西宁府,,群科镇木哈清真寺,,,,,
甘肃,西宁府,,群科镇乙沙清真寺,,,,,
甘肃,西宁府,,群科镇则塘清真寺,,,,,
甘肃,西宁府,,昂思多镇红一清真寺,,,,,
甘肃,西宁府,,昂思多镇尖巴昂清真寺,,,,,
甘肃,西宁府,,昂思多镇沙吾昂清真大寺,,,,,
甘肃,西宁府,,昂思多镇关相口一社清真寺,,,,,
甘肃,西宁府,,昂思多镇关沙清真寺,,,,,
甘肃,西宁府,,昂思多镇具乎扎清真寺,,,,,
甘肃,西宁府,,昂思多镇若麻岭清真寺,,,,,
甘肃,西宁府,,昂思多镇扎浪滩清真大寺,,,,,
甘肃,西宁府,,二塘乡三塘清真寺,,,,,
甘肃,西宁府,,二塘乡二塘沟清真寺,,,,,
甘肃,西宁府,,二塘乡尕吾山二社清真寺,,,,,
甘肃,西宁府,,二塘乡隆欠清真寺,,,,,
甘肃,西宁府,,二塘乡红牙合清真寺,,,,,
甘肃,西宁府,,二塘乡二塘清真上寺,,,,,
甘肃,西宁府,,二塘乡二塘清真下寺,,,,,
甘肃,西宁府,,二塘乡上滩清真寺,,,,,
甘肃,西宁府,,巴燕镇上卧力尕村清真寺,,,,,
甘肃,西宁府,,巴燕镇中拉干清真上寺,,,,,
甘肃,西宁府,,巴燕镇后沟清真寺,,,,,
甘肃,西宁府,,巴燕镇下加合清真寺,,,,,
甘肃,西宁府,,巴燕镇金家庄清真老寺,,,,,
甘肃,西宁府,,巴燕镇什杰列清真寺,,,,,
甘肃,西宁府,,巴燕镇藏滩清真寺,,,,,
甘肃,西宁府,,巴燕镇北街清真寺,,,,,
甘肃,西宁府,,巴燕镇角落清真寺,,,,,
甘肃,西宁府,,巴燕镇东门清真寺,,,,,
甘肃,西宁府,,巴燕镇西关清真寺,,,,,
甘肃,西宁府,,巴燕镇上加合清真下寺,,,,,
甘肃,西宁府,,巴燕镇下卧力尕清真寺,,,,,
甘肃,西宁府,,初麻乡沙尔洞清真寺,,,,,
甘肃,西宁府,,初麻乡初麻清真寺,,,,,
甘肃,西宁府,,初麻乡塔麻清真寺,,,,,
甘肃,西宁府,,初麻乡拉尕鲁清真寺,,,,,
甘肃,西宁府,,初麻乡滩果台清真寺,,,,,
甘肃,西宁府,,初麻乡滩果清真寺,,,,,
甘肃,西宁府,,甘都镇拉目清真寺,,,,,
甘肃,西宁府,,甘都镇下四合生清真寺,,,,,
甘肃,西宁府,,甘都镇阿河滩清真寺,,,,,
甘肃,西宁府,,甘都镇唐寺岗清真寺,,,,,
甘肃,西宁府,,谢家滩乡吊沟清真寺,,,,,
甘肃,西宁府,,谢家滩乡尔多其那清真寺,,,,,
甘肃,西宁府,,谢家滩乡韩家窑清真寺,,,,,
甘肃,西宁府,,谢家滩乡下河滩清真大寺,,,,,
甘肃,西宁府,,阿什努乡尕全吉清真寺,,,,,
甘肃,西宁府,,阿什努乡阿藏吾具清真寺,,,,,
甘肃,西宁府,,阿什努乡阿二清真寺,,,,,
甘肃,西宁府,,阿什努乡多杰拉卡清真寺,,,,,
甘肃,西宁府,,阿什努乡牙昂口清真寺,,,,,
甘肃,西宁府,,阿什努乡纳哈隆言木清真寺,,,,,
甘肃,西宁府,,阿什努乡尕加清真上寺,,,,,
甘肃,西宁府,,阿什努乡羊隆清真寺,,,,,
甘肃,西宁府,,阿什努乡白加清真寺,,,,,
甘肃,西宁府,,德恒隆乡卡什代一社清真寺,,,,,
甘肃,西宁府,,德恒隆乡吉江清真寺,,,,,
甘肃,西宁府,,德恒隆乡亚曲清真寺,,,,,
甘肃,西宁府,,德恒隆乡拉村二社清真寺,,,,,
甘肃,西宁府,,德恒隆乡措扎清真寺,,,,,
甘肃,西宁府,,德恒隆乡黄吾具清真寺,,,,,
甘肃,西宁府,,德恒隆乡尔角清真寺,,,,,
甘肃,西宁府,,德恒隆乡支乎具清真寺,,,,,
甘肃,西宁府,,德恒隆乡纳加清真寺,,,,,
甘肃,西宁府,,德恒隆乡列村清真寺,,,,,
甘肃,西宁府,,德恒隆乡德一清真寺,,,,,
甘肃,西宁府,,德恒隆乡石乃海清真寺,,,,,
甘肃,西宁府,,沙连堡乡下塔加清真大寺,,,,,
甘肃,西宁府,,沙连堡乡关巴湾清真寺,,,,,
甘肃,西宁府,,沙连堡乡尔洞门清真寺,,,,,
甘肃,西宁府,,道帏乡立伦清真寺,,,,,
甘肃,西宁府,,道帏乡俄家清真寺,,,,,
甘肃,西宁府,,道帏乡贺塘清真寺,,,,,
甘肃,西宁府,,白庄镇山根清真寺,,,,,
甘肃,西宁府,,白庄镇昌克清真寺,,,,,
甘肃,西宁府,,白庄镇拉边清真寺,,,,,
甘肃,西宁府,,白庄镇扎木清真寺,,,,,
甘肃,西宁府,,白庄镇铁木石滩清真寺,,,,,
甘肃,西宁府,,白庄镇乙日亥清真寺,,,,,
甘肃,西宁府,,白庄镇立庄清真寺,,,,,
甘肃,西宁府,,白庄镇张尕清真寺,,,,,
甘肃,西宁府,,白庄镇白庄清真寺,,,,,
甘肃,西宁府,,白庄镇朱格清真寺,,,,,
甘肃,西宁府,,白庄镇科哇清真寺,,,,,
甘肃,西宁府,,白庄镇苏呼撒清真寺,,,,,
甘肃,西宁府,,清水乡瓦匠庄清真寺,,,,,
甘肃,西宁府,,清水乡大寺古清真寺,,,,,
甘肃,西宁府,,清水乡河东清真寺,,,,,
甘肃,西宁府,,清水乡阿乙清真寺,,,,,
甘肃,西宁府,,清水乡孟达大庄清真寺,,,,,
甘肃,西宁府,,清水乡旱坪清真寺,,,,,
甘肃,西宁府,,清水乡索同清真寺,,,,,
甘肃,西宁府,,清水乡唐赛清真寺,,,,,
甘肃,西宁府,,清水乡木场清真寺,,,,,
甘肃,西宁府,,清水乡塔撒坡清真寺,,,,,
甘肃,西宁府,,积石镇城关清真寺,,,,,
甘肃,西宁府,,清水乡田盖清真寺,,,,,
甘肃,西宁府,,积石镇草滩坝清真寺,,,,,
甘肃,西宁府,,积石镇瓦匠庄清真寺,,,,,
甘肃,西宁府,,积石镇托坝清真寺,,,,,
甘肃,西宁府,,积石镇线尕拉清真寺,,,,,
甘肃,西宁府,,积石镇西沟高志清真寺,,,,,
甘肃,西宁府,,积石镇西沟大庄清真寺,,,,,
甘肃,西宁府,,积石镇西沟上庄清真寺,,,,,
甘肃,西宁府,,积石镇石头坡清真寺,,,,,
甘肃,西宁府,,积石镇大别列清真寺,,,,,
甘肃,西宁府,,积石镇尕别列清真寺,,,,,
甘肃,西宁府,,积石镇伊玛目清真寺,,,,,
甘肃,西宁府,,积石镇丁江清真寺,,,,,
甘肃,西宁府,,积石镇西沟平庄清真寺,,,,,
甘肃,西宁府,,街子镇街子清真寺,,,,,
甘肃,西宁府,,街子镇塘坊清真寺,,,,,
甘肃,西宁府,,街子镇孟达山清真寺,,,,,
甘肃,西宁府,,街子镇果什滩清真寺,,,,,
甘肃,西宁府,,街子镇古及来清真寺,,,,,
甘肃,西宁府,,街子镇波拉海清真寺,,,,,
甘肃,西宁府,,街子镇下托龙都清真寺,,,,,
甘肃,西宁府,,街子镇洋苦浪清真寺,,,,,
甘肃,西宁府,,街子镇羊巴扎清真寺,,,,,
甘肃,西宁府,,街子镇波立及清真寺,,,,,
甘肃,西宁府,,街子镇苏什瓦清真寺,,,,,
甘肃,西宁府,,街子镇吾土贝那亥清真寺,,,,,
甘肃,西宁府,,街子镇果河拉清真寺,,,,,
甘肃,西宁府,,查汗都斯乡阿河滩清真寺,,,,,
甘肃,西宁府,,查汗都斯乡哈大亥清真寺,,,,,
甘肃,西宁府,,查汗都斯乡苏志清真寺,,,,,
甘肃,西宁府,,查汗都斯乡乙麻亥清真寺,,,,,
甘肃,西宁府,,查汗都斯乡下庄清真寺,,,,,
甘肃,西宁府,,查汗都斯乡中庄清真寺,,,,,
甘肃,西宁府,,查汗都斯乡大庄清真寺,,,,,
甘肃,西宁府,,查汗都斯乡奄古录清真寺,,,,,
甘肃,西宁府,,青石嘴镇上吊沟清真寺,,,,,
甘肃,西宁府,,青石嘴镇大滩清真寺,,,,,
甘肃,西宁府,,浩门镇南关清真寺,,,,,
甘肃,西宁府,,浩门镇小沙沟清真寺,,,,,
甘肃,西宁府,,泉口镇大庄清真寺,,,,,
甘肃,西宁府,,泉口镇旱台清真寺,,,,,
甘肃,西宁府,,泉口镇东沙河清真寺,,,,,
甘肃,西宁府,,泉口镇红山根清真寺,,,,,
甘肃,西宁府,,泉口镇中滩清真寺,,,,,
甘肃,西宁府,,泉口镇俄博沟清真寺,,,,,
甘肃,西宁府,,东川镇上塔龙滩清真寺,,,,,
甘肃,西宁府,,东川镇下塔龙滩清真寺,,,,,
甘肃,西宁府,,东川镇甘沟清真寺,,,,,
甘肃,西宁府,,麻莲乡瓜拉清真寺,,,,,
甘肃,西宁府,,麻莲乡中麻莲清真寺,,,,,
甘肃,西宁府,,阴田乡上阴田清真寺,,,,,
甘肃,西宁府,,阴田乡下阴田清真寺,,,,,
甘肃,西宁府,,阴田乡卡子沟清真寺,,,,,
甘肃,西宁府,循化厅,同仁县隆务清真大寺,,,,,
甘肃,西宁府,贵德厅,尖扎县康杨镇康家清真大寺,,,,,
甘肃,西宁府,贵德厅,康杨镇杨家清真大寺,,,,,
甘肃,西宁府,贵德厅,坎布拉镇下李家清真老寺,,,,,
甘肃,西宁府,贵德厅,马克唐镇要其村清真寺,,,,,
甘肃,西宁府,贵德厅,康杨镇崖湾清真寺,,,,,
甘肃,兰州府,,绣河沿清真寺,,,,,
甘肃,兰州府,,西关寺,,,,,
甘肃,兰州府,,桥门寺,,,,,
甘肃,兰州府,,新关寺,,,,,
甘肃,兰州府,,南关寺,,,,,
甘肃,兰州府,,东关寺,,,,,
甘肃,兰州府,,莲花池清真寺,,,,,
甘肃,兰州府,,清真寺,,,,,
甘肃,兰州府,,清真寺,,,,,
甘肃,兰州府,,清真寺,,,,,
甘肃,兰州府,,清真寺,,,,,
甘肃,兰州府,,清真寺,,,,,
甘肃,兰州府,,清真寺,,,,,
甘肃,兰州府,,清真寺,,,,,
甘肃,兰州府,,清真寺,,,,,
甘肃,兰州府,,清真寺,,,,,
甘肃,兰州府,,清真寺,,,,,
甘肃,兰州府,,清真寺,,,,,
甘肃,兰州府,,清真寺,,,,,
甘肃,兰州府,,清真寺,,,,,
甘肃,兰州府,,清真寺,,,,,
甘肃,兰州府,,清真寺,,,,,
甘肃,兰州府,,清真寺,,,,,
甘肃,兰州府,,清真寺,,,,,
甘肃,兰州府,,清真寺,,,,,
甘肃,兰州府,,清真寺,,,,,
甘肃,秦州,,天水后街清真寺,,,,,
甘肃,秦州,,清真寺,,,,,
甘肃,秦州,,清真寺,,,,,
甘肃,秦州,,清真寺,,,,,
甘肃,巩昌府,洮州厅,清真上寺,,,,,
甘肃,巩昌府,洮州厅,清真下寺,,,,,
甘肃,兰州府,河州,礼拜寺,,,,,
甘肃,宁夏府,灵州,礼拜寺,,,,,
甘肃,肃州,,礼拜寺,,,,,
甘肃,巩昌府,陇西县,礼拜寺,,,,,
甘肃,巩昌府,陇西县,礼拜寺,,,,,
甘肃,巩昌府,陇西县,礼拜寺,,,,,
甘肃,巩昌府,陇西县,礼拜寺,,,,,
甘肃,巩昌府,陇西县,礼拜寺,,,,,
甘肃,巩昌府,陇西县,礼拜寺,,,,,
甘肃,巩昌府,陇西县,礼拜寺,,,,,
甘肃,巩昌府,陇西县,礼拜寺,,,,,
甘肃,巩昌府,陇西县,礼拜寺,,,,,
甘肃,巩昌府,陇西县,礼拜寺,,,,,
甘肃,巩昌府,陇西县,礼拜寺,,,,,
甘肃,巩昌府,陇西县,礼拜寺,,,,,
甘肃,巩昌府,陇西县,礼拜寺,,,,,
甘肃,巩昌府,陇西县,礼拜寺,,,,,
甘肃,巩昌府,陇西县,礼拜寺,,,,,
甘肃,甘州府,,礼拜寺,,,,,
甘肃,化平厅,,清真寺,,,,,
甘肃,化平厅,,清真寺,,,,,
甘肃,化平厅,,清真寺,,,,,
甘肃,化平厅,,清真寺,,,,,
甘肃,化平厅,,清真寺,,,,,
甘肃,化平厅,,清真寺,,,,,
甘肃,化平厅,,清真寺,,,,,
甘肃,化平厅,,清真寺,,,,,
甘肃,化平厅,,清真寺,,,,,
甘肃,化平厅,,清真寺,,,,,
甘肃,化平厅,,清真寺,,,,,
甘肃,化平厅,,清真寺,,,,,
甘肃,化平厅,,清真寺,,,,,
甘肃,化平厅,,清真寺,,,,,
甘肃,化平厅,,清真寺,,,,,
甘肃,化平厅,,清真寺,,,,,
甘肃,化平厅,,清真寺,,,,,
甘肃,化平厅,,清真寺,,,,,
甘肃,化平厅,,清真寺,,,,,
甘肃,化平厅,,清真寺,,,,,
甘肃,化平厅,,清真寺,,,,,
甘肃,化平厅,,清真寺,,,,,
甘肃,化平厅,,清真寺,,,,,
甘肃,化平厅,,清真寺,,,,,
甘肃,化平厅,,清真寺,,,,,
甘肃,化平厅,,清真寺,,,,,
甘肃,化平厅,,清真寺,,,,,
甘肃,化平厅,,清真寺,,,,,
甘肃,化平厅,,清真寺,,,,,
甘肃,化平厅,,清真寺,,,,,
甘肃,化平厅,,清真寺,,,,,
甘肃,化平厅,,清真寺,,,,,
甘肃,化平厅,,清真寺,,,,,
甘肃,化平厅,,清真寺,,,,,
甘肃,化平厅,,清真寺,,,,,
甘肃,化平厅,,清真寺,,,,,
甘肃,化平厅,,清真寺,,,,,
甘肃,化平厅,,清真寺,,,,,
甘肃,化平厅,,清真寺,,,,,
甘肃,化平厅,,清真寺,,,,,
甘肃,化平厅,,清真寺,,,,,
甘肃,化平厅,,清真寺,,,,,
甘肃,化平厅,,清真寺,,,,,
甘肃,化平厅,,清真寺,,,,,
甘肃,化平厅,,清真寺,,,,,
甘肃,化平厅,,清真寺,,,,,
甘肃,化平厅,,清真寺,,,,,
甘肃,化平厅,,清真寺,,,,,
甘肃,化平厅,,清真寺,,,,,
甘肃,化平厅,,清真寺,,,,,
甘肃,化平厅,,清真寺,,,,,
甘肃,化平厅,,清真寺,,,,,
甘肃,化平厅,,清真寺,,,,,
甘肃,化平厅,,清真寺,,,,,
甘肃,化平厅,,清真寺,,,,,
甘肃,化平厅,,清真寺,,,,,
甘肃,化平厅,,清真寺,,,,,
甘肃,化平厅,,清真寺,,,,,
甘肃,化平厅,,清真寺,,,,,
甘肃,化平厅,,清真寺,,,,,
甘肃,化平厅,,清真寺,,,,,
甘肃,化平厅,,清真寺,,,,,
甘肃,化平厅,,清真寺,,,,,
甘肃,化平厅,,清真寺,,,,,
甘肃,化平厅,,清真寺,,,,,
甘肃,化平厅,,清真寺,,,,,
甘肃,化平厅,,清真寺,,,,,
甘肃,化平厅,,清真寺,,,,,
甘肃,化平厅,,清真寺,,,,,
甘肃,化平厅,,清真寺,,,,,
甘肃,化平厅,,清真寺,,,,,
甘肃,化平厅,,清真寺,,,,,
甘肃,化平厅,,清真寺,,,,,
甘肃,化平厅,,清真寺,,,,,
甘肃,化平厅,,清真寺,,,,,
甘肃,化平厅,,清真寺,,,,,
甘肃,化平厅,,清真寺,,,,,
甘肃,化平厅,,清真寺,,,,,
甘肃,化平厅,,清真寺,,,,,
甘肃,化平厅,,清真寺,,,,,
甘肃,化平厅,,清真寺,,,,,
甘肃,平凉府,华亭县,清真寺,,,,,
甘肃,平凉府,华亭县,清真寺,,,,,
甘肃,平凉府,华亭县,清真寺,,,,,
甘肃,平凉府,华亭县,清真寺,,,,,
甘肃,平凉府,华亭县,清真寺,,,,,
甘肃,平凉府,华亭县,清真寺,,,,,
甘肃,平凉府,华亭县,清真寺,,,,,
甘肃,平凉府,华亭县,清真寺,,,,,
甘肃,平凉府,华亭县,清真寺,,,,,
甘肃,平凉府,华亭县,清真寺,,,,,
甘肃,平凉府,华亭县,清真寺,,,,,
甘肃,平凉府,华亭县,清真寺,,,,,
甘肃,平凉府,华亭县,清真寺,,,,,
甘肃,平凉府,华亭县,清真寺,,,,,
甘肃,平凉府,华亭县,清真寺,,,,,
直隶,天津府,天津县,穆家庄清真寺,,,,,
直隶,天津府,天津县,金家窑清真寺,,,,,
直隶,天津府,天津县,小伙巷清真寺（清真大寺）,,,,,
直隶,天津府,天津县,清真南大寺,,,,,
直隶,天津府,天津县,天穆南寺,,,,,
直隶,天津府,天津县,东沽清真寺,,,,,
直隶,天津府,天津县,小杨庄清真寺,,,,,
直隶,天津府,天津县,清真北寺,,,,,
直隶,天津府,天津县,清真西寺,,,,,
直隶,天津府,天津县,老店清真寺,,,,,
直隶,顺天府,宁河县,宁河县清真寺,,,,,
直隶,顺天府,宛平县,三里河清真寺/清真永寿寺,,,,,
直隶,顺天府,宛平县,德外清真寺/法源清真寺,,,,,
直隶,顺天府,宛平县,上坡清真寺,,,,,
直隶,顺天府,宛平县,下坡清真寺,,,,,
直隶,顺天府,宛平县,南豆芽清真寺,,,,,
直隶,顺天府,宛平县,马甸清真寺,,,,,
直隶,顺天府,,海淀清真寺,,,,,
直隶,顺天府,,常营清真寺,,,,,
直隶,顺天府,通州,北关清真寺,,,,,
直隶,顺天府,通州,通州清真大寺（朝真寺）,,,,,
直隶,顺天府,,八里庄清真寺,,,,,
直隶,顺天府,宛平县,丰台镇清真寺,,,,,
直隶,顺天府,宛平县,东直门清真寺,,,,,
直隶,顺天府,宛平县,前门清真寺（笤帚胡同清真寺）,,,,,
直隶,顺天府,房山县,长辛店清真寺,,,,,
直隶,顺天府,昌平州,西贯市清真寺,,,,,
直隶,顺天府,顺义县,顺义回民营清真寺,,,,,
直隶,顺天府,大兴县,西红门清真寺,,,,,
直隶,顺天府,昌平州,昌平清真寺,,,,,
直隶,顺天府,宛平县,薛营清真寺,,,,,
直隶,顺天府,良乡县,窦店清真寺,,,,,
直隶,顺天府,宛平县,管庄清真寺,,,,,
直隶,顺天府,宛平县,西会清真寺,,,,,
直隶,顺天府,宛平县,清真寺,,,,,
直隶,顺天府,宛平县,礼拜寺,,,,,
直隶,顺天府,宛平县,普寿寺,,,,,
直隶,顺天府,宛平县,礼拜寺,,,,,
直隶,顺天府,宛平县,礼拜寺,,,,,
直隶,顺天府,宛平县,礼拜寺,,,,,
直隶,顺天府,宛平县,礼拜寺,,,,,
直隶,顺天府,宛平县,礼拜寺,,,,,
直隶,顺天府,顺义县,清真寺,,,,,
直隶,顺天府,宛平县,安定门外清真寺,,,,,
直隶,顺天府,宛平县,北沟沿清真寺,,,,,
直隶,顺天府,,四王府清真寺,,,,,
直隶,顺天府,,蓝靛厂清真寺,,,,,
直隶,顺天府,,安河桥清真寺,,,,,
直隶,顺天府,,树村清真寺,,,,,
直隶,顺天府,,清河清真寺,,,,,
直隶,顺天府,,杨闸清真寺,,,,,
直隶,顺天府,,万子营清真寺,,,,,
直隶,顺天府,通州,张家湾清真寺,,,,,
直隶,顺天府,通州,枣林庄清真寺,,,,,
直隶,顺天府,通州,于家务清真寺,,,,,
直隶,顺天府,通州,马驹桥清真上寺,,,,,
直隶,顺天府,,礼贤清真寺,,,,,
直隶,顺天府,,东白塔清真寺,,,,,
直隶,顺天府,,狼各庄清真寺,,,,,
直隶,顺天府,,崔指挥营清真寺,,,,,
直隶,顺天府,昌平州,沙河清真寺,,,,,
直隶,顺天府,昌平州,小辛庄清真寺,,,,,
直隶,顺天府,密云县,密云城关清真寺,,,,,
直隶,正定府,新乐县,彭家庄清真寺,,,,,
直隶,正定府,新乐县,东杨家庄清真寺,,,,,
直隶,正定府,无极县,高头清真西寺,,,,,
直隶,正定府,无极县,谈下清真寺,,,,,
直隶,保定府,,新城清真寺,,,,,
直隶,正定府,,正定城内清真寺,,,,,
直隶,正定府,,顺城关清真寺,,,,,
直隶,正定府,藁城县,九门清真北寺,,,,,
直隶,正定府,藁城县,九门清真南寺,,,,,
直隶,正定府,藁城县,东蒲城清真寺,,,,,
直隶,正定府,藁城县,南乡清真寺,,,,,
直隶,永平府,迁安县,建昌营清真寺,,,,,
直隶,永平府,临榆县,山海关清真寺,,,,,
直隶,大名府,大名县,七里店清真寺,,,,,
直隶,大名府,大名县,马时庄清真寺,,,,,
直隶,大名府,大名县,西营清真寺,,,,,
直隶,大名府,大名县,西营清真东寺,,,,,
直隶,大名府,大名县,东营清真寺,,,,,
直隶,大名府,大名县,金滩镇清真北寺,,,,,
直隶,大名府,大名县,金滩镇清真西寺,,,,,
直隶,大名府,大名县,金滩镇清真南寺,,,,,
直隶,大名府,大名县,龙王庙清真寺,,,,,
直隶,大名府,大名县,西杨村清真寺,,,,,
直隶,大名府,大名县,西杨村清真女寺,,,,,
直隶,大名府,大名县,二铺清真寺,,,,,
直隶,大名府,大名县,南关东清真大寺,,,,,
直隶,大名府,大名县,南关东清真女寺,,,,,
直隶,大名府,大名县,大街村清真寺,,,,,
直隶,广平府,威县,威县黄街清真寺,,,,,
直隶,广平府,威县,威县王庄清真女寺,,,,,
直隶,顺德府,邢台县,邢台市清真东寺,,,,,
直隶,顺德府,邢台县,邢台清真南寺,,,,,
直隶,保定府,清苑县,保定清真东寺,,,,,
直隶,保定府,清苑县,后卫街清真寺,,,,,
直隶,定州,,杨家桥清真寺,,,,,
直隶,定州,,吴定庄清真寺,,,,,
直隶,定州,,陈家营清真寺,,,,,
直隶,定州,,大辛庄清真寺,,,,,
直隶,定州,,定州清真大寺,,,,,
直隶,易州,,易县城内清真寺,,,,,
直隶,保定府,雄县,西槐村清真寺,,,,,
直隶,保定府,安肃县,空城村清真寺,,,,,
直隶,易州,涞水县,涞水县清真寺,,,,,
直隶,口北三厅,张家口厅,宣化区清真寺,,,,,
直隶,宣化府,怀来县,新保安清真寺,,,,,
直隶,宣化府,保安州,东关街清真寺,,,,,
直隶,口北三厅,,西城夭清真寺,,,,,
直隶,承德府,,清真东寺,,,,,
直隶,承德府,,清真西寺,,,,,
直隶,承德府,,潘家沟清真寺,,,,,
直隶,承德府,,滦河镇清真寺,,,,,
直隶,承德府,,桥东清真寺,,,,,
直隶,天津府,沧州,清真北大寺,,,,,
直隶,天津府,沧州,清真南大寺,,,,,
直隶,天津府,沧州,清真东寺,,,,,
直隶,天津府,沧州,建国清真寺,,,,,
直隶,天津府,沧州,沧州清真女寺,,,,,
直隶,天津府,沧州,沧州清真西寺,,,,,
直隶,河间府,,瀛洲镇清真南寺,,,,,
直隶,河间府,,瀛洲镇清真西寺,,,,,
直隶,河间府,,瀛洲镇清真东寺,,,,,
直隶,河间府,,果子洼清真寺,,,,,
直隶,河间府,,北务清真寺,,,,,
直隶,河间府,,杨刘庄清真寺,,,,,
直隶,河间府,,中二十里铺清真寺,,,,,
直隶,河间府,,南辛庄清真寺,,,,,
直隶,河间府,,本斋清真寺,,,,,
直隶,河间府,,前营清真寺,,,,,
直隶,河间府,,淮镇清真寺,,,,,
直隶,天津府,盐山县,大堤东清真寺,,,,,
直隶,天津府,盐山县,王帽圈清真寺,,,,,
直隶,天津府,盐山县,王石桥清真寺,,,,,
直隶,天津府,盐山县,韩石桥清真寺,,,,,
直隶,天津府,盐山县,新县村清真寺,,,,,
直隶,天津府,盐山县,孟村清真北寺,,,,,
直隶,天津府,盐山县,吴家清真寺,,,,,
直隶,天津府,盐山县,丁庄子清真寺,,,,,
直隶,天津府,盐山县,辛店清真寺,,,,,
直隶,天津府,盐山县,挂甲林清真寺,,,,,
直隶,天津府,盐山县,牛进庄清真东寺,,,,,
直隶,天津府,盐山县,牛进庄清真西寺,,,,,
直隶,天津府,盐山县,辛庄子清真寺,,,,,
直隶,天津府,盐山县,东河清真寺,,,,,
直隶,天津府,盐山县,棒张清真寺,,,,,
直隶,天津府,盐山县,大徐市清真寺,,,,,
直隶,天津府,盐山县,东赵河清真寺,,,,,
直隶,天津府,盐山县,西赵河清真寺,,,,,
直隶,天津府,盐山县,大文台清真寺,,,,,
直隶,天津府,盐山县,李留舍清真寺,,,,,
直隶,河间府,,泊头清真大寺,,,,,
直隶,河间府,,泊头清真东寺,,,,,
直隶,河间府,,阁上清真寺,,,,,
直隶,河间府,,沙一清真寺,,,,,
直隶,河间府,,八里庄清真寺,,,,,
直隶,天津府,盐山县,黄骅后街清真寺,,,,,
直隶,天津府,盐山县,羊三木清真寺,,,,,
直隶,天津府,盐山县,吴庄子清真寺,,,,,
直隶,天津府,盐山县,后仙庄清真寺,,,,,
直隶,天津府,盐山县,阚庄清真寺,,,,,
直隶,天津府,盐山县,羊二庄清真寺,,,,,
直隶,天津府,盐山县,八里庄清真寺,,,,,
直隶,天津府,盐山县,东段庄清真寺,,,,,
直隶,天津府,盐山县,西段庄清真寺,,,,,
直隶,天津府,青县,辛集清真北寺,,,,,
直隶,天津府,青县,大曲头清真寺,,,,,
直隶,天津府,青县,大戴家墓清真寺,,,,,
直隶,天津府,青县,东马桥清真寺,,,,,
直隶,天津府,青县,清州镇清真寺,,,,,
直隶,天津府,青县,北马庄子清真寺,,,,,
直隶,天津府,青县,马家场清真寺,,,,,
直隶,天津府,青县,曹辛庄清真寺,,,,,
直隶,天津府,青县,辛集清真南寺,,,,,
直隶,天津府,青县,狐狸墓清真寺,,,,,
直隶,天津府,青县,史庄子清真寺,,,,,
直隶,天津府,青县,林庄子清真寺,,,,,
直隶,天津府,青县,线庄清真寺,,,,,
直隶,天津府,青县,戴庄子清真寺,,,,,
直隶,天津府,青县,庄科清真寺,,,,,
直隶,河间府,肃宁县,肃宁镇清真寺,,,,,
直隶,河间府,肃宁县,郭楼清真寺,,,,,
直隶,河间府,,长官清真寺,,,,,
直隶,天津府,,扬庄子清真寺,,,,,
直隶,天津府,南皮县,刁南清真寺,,,,,
直隶,天津府,南皮县,王寺清真寺,,,,,
直隶,天津府,南皮县,许庄子清真寺,,,,,
直隶,天津府,南皮县,冯家口清真寺,,,,,
直隶,天津府,盐山县,双庙清真寺,,,,,
直隶,天津府,盐山县,小尤村清真寺,,,,,
直隶,天津府,盐山县,王古宅清真寺,,,,,
直隶,天津府,盐山县,陈小营清真寺,,,,,
直隶,天津府,盐山县,宝庄清真寺,,,,,
直隶,天津府,,北阁清真寺,,,,,
直隶,天津府,,孙庄子清真寺,,,,,
直隶,天津府,,白芦庄清真寺,,,,,
直隶,天津府,,孙褚村清真寺,,,,,
直隶,天津府,,杜林清真寺,,,,,
直隶,天津府,,捷地清真寺,,,,,
直隶,天津府,,捷地清真女寺,,,,,
直隶,天津府,,高川清真寺,,,,,
直隶,天津府,,强庄子清真寺,,,,,
直隶,天津府,,捷地曹庄子清真寺,,,,,
直隶,天津府,,宋官屯清真寺,,,,,
直隶,天津府,,兴济清真寺,,,,,
直隶,天津府,,大褚村清真寺,,,,,
直隶,天津府,,小园村清真寺,,,,,
直隶,天津府,,小马庄清真寺,,,,,
直隶,河间府,东光县,连镇清真寺,,,,,
直隶,顺天府,三河县,大厂清真寺,,,,,
直隶,顺天府,三河县,小厂清真寺,,,,,
直隶,顺天府,三河县,陈辛庄清真寺,,,,,
直隶,顺天府,三河县,苇子庄清真寺,,,,,
直隶,顺天府,三河县,南寺头清真寺,,,,,
直隶,顺天府,三河县,北坞清真寺,,,,,
直隶,顺天府,香河县,香椿营清真寺,,,,,
直隶,顺天府,,伊指挥营清真寺,,,,,
直隶,顺天府,永清县,安育清真寺,,,,,
直隶,顺天府,固安县,大韩寨清真寺,,,,,
直隶,顺天府,文安县,大围河清真寺,,,,,
直隶,朝阳府,,汤神庙镇古桥子清真寺,,,,,
直隶,朝阳府,,魏家岭乡黑山后清真寺,,,,,
直隶,朝阳府,,牤牛营子乡井龙沟清真寺,,,,,
直隶,朝阳府,,什家子清真寺,,,,,
直隶,承德府,,赤峰清真北寺,,,,,
直隶,承德府,,赤峰清真南寺,,,,,
贵州,大定府,威宁州,威宁马坡清真寺,,,,,
贵州,大定府,威宁州,威宁下坝清真寺,,,,,
贵州,大定府,威宁州,威宁马家屯清真寺,,,,,
贵州,大定府,威宁州,马撒驿清真寺,,,,,
贵州,大定府,威宁州,威宁杨湾桥清真寺,,,,,
贵州,兴义府,盘州厅,盘县大木桥清真寺,,,,,
贵州,安顺府,,安顺清真寺,,,,,
贵州,大定府,威宁州,威宁岩格箐清真寺,,,,,
贵州,大定府,威宁州,威宁凉水井清真寺,,,,,
贵州,贵阳府,,贵阳清真寺,,,,,
贵州,大定府,威宁州,威宁撒家院子清真寺,,,,,
贵州,大定府,威宁州,威宁新院子清真寺,,,,,
贵州,大定府,威宁州,威宁鸭子塘清真寺,,,,,
贵州,大定府,威宁州,威宁启沙嘎清真寺,,,,,
贵州,兴义府,,兴仁潘家庄清真寺,,,,,
贵州,大定府,威宁州,威宁大水井清真寺,,,,,
贵州,大定府,威宁州,威宁嘎利清真寺,,,,,
贵州,大定府,威宁州,威宁摆布嘎清真寺,,,,,
贵州,兴义府,贞丰州,贞丰清真寺,,,,,
贵州,大定府,威宁州,威宁阿末冲子清真寺,,,,,
贵州,大定府,威宁州,威宁海子屯清真寺,,,,,
贵州,安顺府,,平坝城关清真寺,,,,,
贵州,兴义府,,石冲清真寺,,,,,
贵州,安顺府,镇宁县,镇宁清真寺,,,,,
湖南,长沙府,长沙市清真古寺（本寺）,,,,,,
湖南,长沙府,长沙市清真客寺,,,,,,
湖南,长沙府,长沙市金线巷其职责是,,,,,,
湖南,长沙府湘潭县,湘潭市清真古寺,,,,,,
湖南,衡州府,衡阳市清真古寺,,,,,,
湖南,常德府,常德市清真古寺,,,,,,
湖南,常德府,常德市东寺,,,,,,
湖南,常德府,常德市西寺,,,,,,
湖南,常德府,常德市金陵寺,,,,,,
湖南,常德府,常德市八斗湾清真古寺,,,,,,
湖南,常德府,常德市官沟坪清真古寺,,,,,,
湖南,常德府,常德市阳山清真寺,,,,,,
湖南,常德府,灃县清真古寺,,,,,,
湖南,常德府,灃县东田堰清真古寺,,,,,,
湖南,永顺府龙山县,龙山县黄土坡清真寺,,,,,,
湖南,常德府,汉寿县清真寺,,,,,,
湖南,常德府,汉寿县教门滩清真寺,,,,,,
湖南,常德府,汉寿县教门岗清真寺,,,,,,
湖南,常德府,汉寿县黄海坪清真寺,,,,,,
湖南,常德府,汉寿县南港清真寺,,,,,,
湖南,常德府,汉寿县断堤清真寺,,,,,,
湖南,常德府,常德县爱棠湾清真寺,,,,,,
湖南,常德府,翦家桥清真寺,,,,,,
湖南,长沙府益阳县,益阳市资阳区擦叶（土敖）清真寺,,,,,,
湖南,宝庆府邵阳县,邵阳市上墙古清真寺,,,,,,
湖南,宝庆府邵阳县,邵阳市清真古寺,,,,,,
湖南,宝庆府邵阳县,邵阳市女寺,,,,,,
湖南,宝庆府邵阳县,邵阳市苏家冲清真寺,,,,,,
湖南,宝庆府邵阳县,邵阳县湖田清真寺,,,,,,
湖南,宝庆府邵阳县,邵阳市白鹤谭清真寺,,,,,,
湖南,宝庆府,邵东县梅塘清真寺,,,,,,
湖南,宝庆府邵阳县,隆回县桃洪镇清真寺,,,,,,
湖南,宝庆府邵阳县,隆回县山界回族乡清真古寺,,,,,,
湖南,沅州府,新晃县方家屯清真寺,,,,,,
湖南,凤凰直隶厅,凤凰县清真寺,,,,,,
湖南,辰州府沅陵县,沅陵县清真寺,,,,,,
湖南,常德府,津市清真寺,,,,,,
湖南,常德府,常德市女学寺,,,,,,
湖南,常德府,常德市东郊寺,,,,,,
湖南,常德府,西庄坪清真寺,,,,,,
湖南,常德府,樟树湾清真寺,,,,,,
湖南,常德府,常德县李家湾清真寺,,,,,,
湖南,常德府,跑马岗清真寺,,,,,,
湖南,常德府,花莲冲清真寺,,,,,,
湖南,常德府,教门冲清真寺,,,,,,
湖南,常德府,梁山清真寺,,,,,,
湖南,常德府,百家湖清真寺,,,,,,
湖南,常德府,段家溶清真寺,,,,,,
湖南,常德府,伍家堰清真寺,,,,,,
湖南,常德府,明月山清真寺,,,,,,
湖南,常德府,灃县城关镇清真寺,,,,,,
云南,云南府,昆明县,团结清真寺,,,,,
云南,云南府,昆明县,桃园清真寺,,,,,
云南,云南府,昆明县,顺城清真寺,,,,,
云南,云南府,昆明县,金牛街清真寺,,,,,
云南,云南府,昆明县,迤西公清真寺,,,,,
云南,东川府,,腊利清真寺,,,,,
云南,东川府,,坝塘清真寺,,,,,
云南,东川府,,乌龙店房清真寺,,,,,
云南,云南府,呈贡县,城内清真寺,,,,,
云南,云南府,呈贡县,回回营清真寺,,,,,
云南,云南府,昆阳州,昆阳清真寺,,,,,
云南,云南府,昆阳州,晋城清真寺,,,,,
云南,云南府,昆阳州,安江村清真寺,,,,,
云南,云南府,嵩明州,大营清真寺,,,,,
云南,云南府,嵩明州,老猴街清真寺,,,,,
云南,云南府,嵩明州,东山清真寺,,,,,
云南,云南府,嵩明州,杨林清真寺,,,,,
云南,云南府,嵩明州,积德清真寺,,,,,
云南,云南府,嵩明州,梨花清真寺,,,,,
云南,云南府,嵩明州,果子园清真寺,,,,,
云南,云南府,嵩明州,回辉清真寺,,,,,
云南,曲靖府,寻甸州,鲁冲清真寺,,,,,
云南,曲靖府,寻甸州,北营街清真寺,,,,,
云南,曲靖府,寻甸州,白家村清真寺,,,,,
云南,曲靖府,寻甸州,塘子村清真寺,,,,,
云南,曲靖府,寻甸州,三营庄村清真寺,,,,,
云南,曲靖府,寻甸州,甜荞地村清真寺,,,,,
云南,曲靖府,寻甸州,黄土坡清真寺,,,,,
云南,曲靖府,寻甸州,回辉村清真寺,,,,,
云南,曲靖府,寻甸州,丹桂清真寺,,,,,
云南,曲靖府,寻甸州,红果营村清真寺,,,,,
云南,曲靖府,寻甸州,小新村清真寺,,,,,
云南,曲靖府,寻甸州,甸头清真寺,,,,,
云南,昭通府,,白石清真寺,,,,,
云南,昭通府,,布嘎清真寺,,,,,
云南,昭通府,,得马寨上清真古寺,,,,,
云南,昭通府,,高松树清真寺,,,,,
云南,昭通府,,回龙坝清真寺,,,,,
云南,昭通府,,黑石凹清真寺,,,,,
云南,昭通府,,鱼脊清真寺,,,,,
云南,昭通府,,落水洞清真寺,,,,,
云南,昭通府,,宋家山清真寺,,,,,
云南,昭通府,,八仙清真大寺,,,,,
云南,昭通府,,景坡清真寺,,,,,
云南,昭通府,,水井湾清真寺,,,,,
云南,昭通府,,小凤凰山清真寺,,,,,
云南,昭通府,,上营清真寺,,,,,
云南,昭通府,,中营清真寺,,,,,
云南,昭通府,,龙汛清真寺,,,,,
云南,昭通府,,小米清真寺,,,,,
云南,昭通府,,大嵩地清真寺,,,,,
云南,昭通府,,小闸清真寺,,,,,
云南,昭通府,,自古乐清真寺,,,,,
云南,昭通府,鲁甸厅,文屏清真寺,,,,,
云南,昭通府,鲁甸厅,箐门清真寺,,,,,
云南,昭通府,鲁甸厅,大水塘清真寺,,,,,
云南,昭通府,鲁甸厅,大梨树清真寺,,,,,
云南,昭通府,鲁甸厅,龙头山清真寺,,,,,
云南,昭通府,鲁甸厅,马厂清真寺,,,,,
云南,昭通府,鲁甸厅,龙家湾清真寺,,,,,
云南,昭通府,鲁甸厅,新冲清真寺,,,,,
云南,昭通府,鲁甸厅,小冲清真寺,,,,,
云南,昭通府,鲁甸厅,拖姑清真寺,,,,,
云南,昭通府,鲁甸厅,小桃源清真寺,,,,,
云南,昭通府,鲁甸厅,下岔冲清真寺,,,,,
云南,昭通府,鲁甸厅,铁家湾清真寺,,,,,
云南,昭通府,鲁甸厅,马鹿沟清真寺,,,,,
云南,昭通府,鲁甸厅,葫芦口清真寺,,,,,
云南,昭通府,鲁甸厅,甘田清真寺,,,,,
云南,昭通府,鲁甸厅,上野石清真寺,,,,,
云南,昭通府,鲁甸厅,下野石清真寺,,,,,
云南,昭通府,鲁甸厅,黑山训清真寺,,,,,
云南,昭通府,鲁甸厅,牛头寨清真寺,,,,,
云南,昭通府,大关厅,上高桥乡桃园清真寺,,,,,
云南,昭通府,大关厅,丁家坡清真寺,,,,,
云南,昭通府,大关厅,打堡清真寺,,,,,
云南,昭通府,永善县,莲峰清真寺,,,,,
云南,曲靖府,沾益州,保家乡清真寺,,,,,
云南,曲靖府,沾益州,旧屋鲁清真寺,,,,,
云南,曲靖府,沾益州,上大桥清真寺,,,,,
云南,曲靖府,沾益州,双河清真寺,,,,,
云南,曲靖府,,回隆清真寺,,,,,
云南,曲靖府,,岗子上清真寺,,,,,
云南,曲靖府,,芳华浮池清真寺,,,,,
云南,曲靖府,,回辉哨清真寺,,,,,
云南,广西直隶州,,大新村清真寺,,,,,
云南,广西直隶州,,熊壁镇白兆清真寺,,,,,
云南,曲靖府,罗平州,罗平县城清真寺,,,,,
云南,东川府,会泽县,大礼拜寺,,,,,
云南,东川府,会泽县,者海老街清真寺,,,,,
云南,澂江府,,玉溪城区清真寺（州城清真寺）,,,,,
云南,澂江府,,大湾清真寺,,,,,
云南,澂江府,,东营清真寺,,,,,
云南,澂江府,,马鹿塘清真寺,,,,,
云南,澂江府,,棋树营清真寺,,,,,
云南,澂江府,,桃源清真寺,,,,,
云南,澂江府,,西营清真寺,,,,,
云南,澂江府,,石狗头清真寺,,,,,
云南,澂江府,,中所营清真寺,,,,,
云南,临安府,,古城清真寺,,,,,
云南,临安府,,纳家营清真寺,,,,,
云南,临安府,,大回清真寺,,,,,
云南,临安府,,上回清真寺,,,,,
云南,临安府,,下回村清真寺,,,,,
云南,临安府,,小回村清真寺,,,,,
云南,澂江府,,华光清真寺,,,,,
云南,澂江府,,大毛营清真寺,,,,,
云南,澂江府,,大营清真寺,,,,,
云南,澂江府,,拖柏村清真寺,,,,,
云南,澂江府,,下左所清真寺,,,,,
云南,澂江府,,朱官营清真寺,,,,,
云南,临安府,宁州,北门清真寺,,,,,
云南,临安府,宁州,鱼鳞坝清真寺,,,,,
云南,临安府,宁州,暮车清真寺,,,,,
云南,云南府,易门县,柏树清真寺,,,,,
云南,云南府,易门县,摩所清真寺,,,,,
云南,临安府,,文明清真寺,,,,,
云南,临安府,,大白邑清真寺,,,,,
云南,元江府,,桂山清真寺,,,,,
云南,永昌府,,永昌清真寺,,,,,
云南,永昌府,,板桥清真寺,,,,,
云南,腾越厅,,玉泉清真寺,,,,,
云南,腾越厅,,东门清真寺,,,,,
云南,永昌府,,勐廷清真寺,,,,,
云南,楚雄府,,苍岭镇马石铺清真寺,,,,,
云南,楚雄府,,鹿城镇大保山清真寺,,,,,
云南,楚雄府,,吕合镇马家庄清真寺,,,,,
云南,楚雄府,,吕合镇马家巷清真寺,,,,,
云南,楚雄府,,钱粮桥清真寺,,,,,
云南,楚雄府,,子午云龙清真寺,,,,,
云南,楚雄府,,马家村清真寺,,,,,
云南,楚雄府,,车甸清真寺,,,,,
云南,楚雄府,,牛丛清真寺,,,,,
云南,楚雄府,,瓦谷苴清真寺,,,,,
云南,楚雄府,,柳德清真寺,,,,,
云南,楚雄府,,梅子树清真寺,,,,,
云南,楚雄府,,下落宝清真寺,,,,,
云南,楚雄府,,务苴清真寺,,,,,
云南,楚雄府,,上村清真寺,,,,,
云南,楚雄府,,县城区清真寺,,,,,
云南,楚雄府,,永兴他腊清真寺,,,,,
云南,武定州,,张二村清真寺,,,,,
云南,武定州,,西和清真寺,,,,,
云南,云南府,禄丰县,县城区清真寺,,,,,
云南,云南府,禄丰县,广通清真寺,,,,,
云南,临安府,,沙甸大清真寺,,,,,
云南,临安府,,开远市清真寺,,,,,
云南,临安府,,大庄清真寺,,,,,
云南,临安府,,大庄仁寿清真寺,,,,,
云南,临安府,,草坝镇城子清真寺,,,,,
云南,临安府,,城区清真寺,,,,,
云南,临安府,,馆驿清真寺,,,,,
云南,临安府,,麻栗树清真寺,,,,,
云南,临安府,,城区清真寺,,,,,
云南,广西直隶州,,复兴村清真寺,,,,,
云南,广西直隶州,,龙潭清真寺,,,,,
云南,广西直隶州,,小寨清真寺,,,,,
云南,广西直隶州,,竹园清真寺,,,,,
云南,广西直隶州,,大红杏清真寺,,,,,
云南,广西直隶州,,巨木清真寺,,,,,
云南,广西直隶州,,松树地清真寺,,,,,
云南,广西直隶州,,卫民老清真寺,,,,,
云南,广西直隶州,,大直邑清真寺,,,,,
云南,开化府,,田心清真寺,,,,,
云南,开化府,,茂隆清真寺,,,,,
云南,开化府,,小石桥清真寺,,,,,
云南,开化府,,中寨清真寺,,,,,
云南,广西直隶州,,松云里清真寺,,,,,
云南,广西直隶州,,新寨清真寺,,,,,
云南,广西直隶州,,河外清真寺,,,,,
云南,广西直隶州,,小马头清真寺,,,,,
云南,广南府,,莲城清真寺,,,,,
云南,广南府,,珠琳清真寺,,,,,
云南,普洱府,思茅厅,顺城街清真寺,,,,,
云南,普洱府,宁洱县,宁洱城北门清真寺,,,,,
云南,普洱府,威远厅,威远大街清真寺,,,,,
云南,景东厅,,保甸清真寺,,,,,
云南,景东厅,,林街清真寺,,,,,
云南,蒙化直隶厅,,白沙村清真寺,,,,,
云南,蒙化直隶厅,,大五茂林清真寺,,,,,
云南,蒙化直隶厅,,小围埂清真寺,,,,,
云南,蒙化直隶厅,,晏旗厂清真寺,,,,,
云南,蒙化直隶厅,,三家村清真寺,,,,,
云南,蒙化直隶厅,,马米厂马姓清真寺,,,,,
云南,蒙化直隶厅,,马米厂米姓清真寺,,,,,
云南,蒙化直隶厅,,新村清真寺,,,,,
云南,蒙化直隶厅,,西树龙清真寺,,,,,
云南,蒙化直隶厅,,陈家清真寺,,,,,
云南,蒙化直隶厅,,箐门口清真寺,,,,,
云南,蒙化直隶厅,,回辉登清真寺,,,,,
云南,大理府,,下西莲花清真寺,,,,,
云南,大理府,,东莲花清真寺,,,,,
云南,永昌府,,曲硐清真寺,,,,,
云南,大理府,云龙州,旧州回族村清真寺,,,,,
云南,丽江府,,桑岭清真寺,,,,,
云南,顺宁府,云州,忙帕清真寺,,,,,
云南,顺宁府,云州,漫湾新村回营清真寺,,,,,
云南,顺宁府,顺宁县,营盘街清真寺,,,,,
云南,顺宁府,顺宁县,凤城清真寺,,,,,
云南,顺宁府,顺宁县,蒿子坝清真寺,,,,,
江西,南昌府,,教门巷清真寺,待查,,,,
江西,南昌府,,醋巷清真寺,,,,,
江西,南昌府,,下水巷清真寺,,,,,
江西,九江府,,江边清真寺,,,,,
江西,九江府,,城外清真寺,,,,,
江西,九江府,,城里清真寺,,,,,
江西,饶州府,,景德镇清真寺,,,,,
江西,赣州府,,礼拜寺,,,,,
江西,袁州府,,清真寺,,,,,
山东,济南府,,元代清真寺（济南南大寺）,,,,,
山东,济南府,,南关清真寺,,,,,
山东,济南府,,清真北大寺,,,,,
山东,济南府,,党家庄清真东寺,,,,,
山东,济南府,,党家庄清真西大寺,,,,,
山东,济南府,,清真寺,,,,,
山东,济南府,,清真道堂,,,,,
山东,济南府,,城顶清真寺,,,,,
山东,济南府,,灵官庙寺,,,,,
山东,济南府,,南关清真寺,,,,,
山东,济南府,,北大槐树街清真寺,,,,,
山东,济南府,,青杨村清真寺,,,,,
山东,济南府,,赵营清真寺,,,,,
山东,济南府,,凤凰庄清真寺,,,,,
山东,济南府,,东马园清真寺,,,,,
山东,济南府,,大冶清真寺,,,,,
山东,济南府,,刘家林清真寺,,,,,
山东,济南府,,杜家庙清真寺,,,,,
山东,济南府,,小金庄清真寺,,,,,
山东,济南府,,孟王庄清真寺,,,,,
山东,济南府,,泺口清真寺,,,,,
山东,济南府,,老寨村清真寺,,,,,
山东,济南府,,小寨村清真寺,,,,,
山东,济南府,,仲北清真寺,,,,,
山东,济南府,,大阎满清真寺,,,,,
山东,济南府,,北垛庄清真寺,,,,,
山东,武定府,,棘城中街清真寺,,,,,
山东,济南府,,刘营清真寺,,,,,
山东,济南府,,大路清真寺,,,,,
山东,济南府,,丁杨清真寺,,,,,
山东,济南府,,魏家清真寺,,,,,
山东,济南府,,孙家清真寺,,,,,
山东,济南府,,逯家清真寺,,,,,
山东,济南府,,小安清真寺,,,,,
山东,济南府,,大营清真寺,,,,,
山东,济南府,,马营清真寺,,,,,
山东,济南府,,粮食口清真寺,,,,,
山东,济南府,,清北村清真寺,,,,,
山东,济南府,,赵家营清真寺,,,,,
山东,济南府,,堤叩清真寺,,,,,
山东,济南府,,南关清真寺,,,,,
山东,沂州府,,柳枝峪清真寺,,,,,
山东,青州府,,金东村小寺,,,,,
山东,青州府,,金岭清真大寺,,,,,
山东,济南府,,太河清真寺,,,,,
山东,济南府,,灯塔村清真寺,,,,,
山东,兖州府,,清真北寺,,,,,
山东,兖州府,,清真南寺,,,,,
山东,兖州府,,城头村清真寺,,,,,
山东,兖州府,,清真古寺,,,,,
山东,兖州府,,清真南大寺,,,,,
山东,兖州府,,清真北大寺,,,,,
山东,兖州府,,峄城清真寺,,,,,
山东,兖州府,,峄城清真寺,,,,,
山东,兖州府,,东古村清真寺,,,,,
山东,兖州府,,魏庄清真寺,,,,,
山东,兖州府,,西城头清真寺,,,,,
山东,兖州府,,米山顶清真寺,,,,,
山东,登州府,,清真寺,,,,,
山东,登州府,,清真寺,,,,,
山东,青州府,,青州东关真教寺,,,,,
山东,青州府,,青州城里清真寺,,,,,
山东,青州府,,云河清真寺,,,,,
山东,青州府,,黄峪清真寺,,,,,
山东,青州府,,草庙清真寺,,,,,
山东,青州府,,坡子村清真寺,,,,,
山东,济宁州,,西大寺,,,,,
山东,济宁州,,东大寺,,,,,
山东,济宁州,,杨家园寺,,,,,
山东,济宁州,,柳行西寺,,,,,
山东,济宁州,,越河南寺,,,,,
山东,泰安府,,黄庄清真寺,,,,,
山东,泰安府,,宋庄清真寺,,,,,
山东,泰安府,,岔河店清真寺,,,,,
山东,泰安府,,前黄庄清真寺,,,,,
山东,泰安府,,东沈清真寺,,,,,
山东,泰安府,,东平清真寺,,,,,
山东,泰安府,,李所清真寺,,,,,
山东,泰安府,,展楼清真寺,,,,,
山东,泰安府,,西界前营清真寺,,,,,
山东,泰安府,,泰城清真寺（泰安西大寺）,,,,,
山东,泰安府,,芝田清真寺,,,,,
山东,济南府,,大冶清真寺,,,,,
山东,泰安府,,下旺清真寺,,,,,
山东,泰安府,,岗上清真寺,,,,,
山东,泰安府,,孙家庄清真寺,,,,,
山东,泰安府,,二十里埠清真寺,,,,,
山东,泰安府,,黄家庄清真寺,,,,,
山东,泰安府,,沈村清真寺,,,,,
山东,泰安府,,放城清真寺,,,,,
山东,泰安府,,清真寺,,,,,
山东,泰安府,,清真寺,,,,,
山东,泰安府,,清真寺,,,,,
山东,泰安府,,清真寺,,,,,
山东,泰安府,,清真寺,,,,,
山东,泰安府,,清真寺,,,,,
山东,泰安府,,清真寺,,,,,
山东,泰安府,,清真寺,,,,,
山东,泰安府,,清真寺,,,,,
山东,泰安府,,清真寺,,,,,
山东,泰安府,,清真寺,,,,,
山东,泰安府,,清真寺,,,,,
山东,泰安府,,清真寺,,,,,
山东,泰安府,,清真寺,,,,,
山东,泰安府,,清真寺,,,,,
山东,泰安府,,清真寺,,,,,
山东,泰安府,,清真寺,,,,,
山东,泰安府,,清真寺,,,,,
山东,泰安府,,清真寺,,,,,
山东,武定府,,刘庙南清真寺,,,,,
山东,兖州府,,兖州清真寺,,,,,
山东,兖州府,,曲阜清真寺,,,,,
山东,兖州府,,巷里清真寺,,,,,
山东,兖州府,,中心店清真寺,,,,,
山东,济宁州,,东关清真寺,,,,,
山东,济宁州,,虎头山清真寺,,,,,
山东,济宁州,,鱼城清真寺,,,,,
山东,济宁州,,谷亭清真寺,,,,,
山东,济宁州,,金乡清真寺,,,,,
山东,泰安府,,东关清真寺,,,,,
山东,泰安府,,西关清真寺,,,,,
山东,泰安府,,天宝清真寺,,,,,
山东,泰安府,,大山东清真寺,,,,,
山东,兖州府,,西台清真寺,,,,,
山东,兖州府,,太平清真寺,,,,,
山东,兖州府,,泗店清真寺,,,,,
山东,济南府,,南营清真寺,,,,,
山东,济南府,,北营清真寺,,,,,
山东,济南府,,米市街清真寺,,,,,
山东,济南府,,陵县马厂清真寺,,,,,
山东,济南府,,白集清真寺,,,,,
山东,济南府,,崇兴街清真寺,,,,,
山东,临清州,,四女寺清真寺,,,,,
山东,济南府,,韩寨清真寺,,,,,
山东,济南府,,高庄清真寺,,,,,
山东,武定府,,乐陵县白家清真寺,,,,,
山东,济南府,,石家清真寺,,,,,
山东,武定府,,流坡坞清真寺,,,,,
山东,武定府,,刘庙清真北寺,,,,,
山东,武定府,,大营清真寺,,,,,
山东,武定府,,小营清真寺,,,,,
山东,武定府,,高浪头清真寺,,,,,
山东,武定府,,五营清真寺,,,,,
山东,武定府,,郭辛店清真寺,,,,,
山东,武定府,,王什虎村清真寺,,,,,
山东,武定府,,段家村清真寺,,,,,
山东,沂州府,,南关清真寺,,,,,
山东,沂州府,,北道清真寺,,,,,
山东,沂州府,,东迭庄清真寺,,,,,
山东,沂州府,,店头清真寺,,,,,
山东,沂州府,,张贺清真寺,,,,,
山东,沂州府,,沂水清真寺,,,,,
山东,沂州府,,上流庄清真寺,,,,,
山东,沂州府,,沙家庄清真寺,,,,,
山东,沂州府,,东集西清真寺,,,,,
山东,沂州府,,马庄清真寺,,,,,
山东,沂州府,,皇甫寺清真寺,,,,,
山东,沂州府,,马套村清真寺,,,,,
山东,沂州府,,平邑清真寺,,,,,
山东,沂州府,,地方清真寺,,,,,
山东,沂州府,,保太清真寺,,,,,
山东,沂州府,,三里峪清真寺,,,,,
山东,沂州府,,马头清真寺,,,,,
山东,沂州府,,沟上清真寺,,,,,
山东,沂州府,,小王庄清真寺,,,,,
山东,沂州府,,梁邱清真寺,,,,,
山东,沂州府,,城关清真寺,,,,,
山东,沂州府,,南芙蓉清真寺,,,,,
山东,曹州府,,西关清真寺,,,,,
山东,曹州府,,东马垓清真寺,,,,,
山东,曹州府,,西马垓清真寺,,,,,
山东,曹州府,,东关清真寺,,,,,
山东,曹州府,,南关清真寺,,,,,
山东,曹州府,,侯集清真寺,,,,,
山东,曹州府,,北沙楼清真寺,,,,,
山东,曹州府,,西沙楼清真寺,,,,,
山东,曹州府,,张庄清真寺,,,,,
山东,曹州府,,回民张庄清真寺,,,,,
山东,曹州府,,望鲁集北街清真寺,,,,,
山东,曹州府,,望鲁集南街清真寺,,,,,
山东,曹州府,,礼拜寺村清真寺,,,,,
山东,曹州府,,三官庙清真寺,,,,,
山东,曹州府,,前尹楼清真寺,,,,,
山东,曹州府,,后尹楼清真寺,,,,,
山东,曹州府,,平王庄清真寺,,,,,
山东,曹州府,,牛店清真寺,,,,,
山东,曹州府,,代楼清真寺,,,,,
山东,曹州府,,马楼清真寺,,,,,
山东,曹州府,,南关清真寺,,,,,
山东,曹州府,,前沙海清真寺,,,,,
山东,曹州府,,中沙海东寺,,,,,
山东,曹州府,,西关清真寺,,,,,
山东,曹州府,,军屯清真寺,,,,,
山东,曹州府,,下庄清真寺,,,,,
山东,东昌府,,东关清真寺,,,,,
山东,东昌府,,蒋庄清真寺,,,,,
山东,东昌府,,白庄清真寺,,,,,
山东,临清州,,临清北大寺,,,,,
山东,东昌府,,里固七甲清真寺,,,,,
山东,东昌府,,蒋寨清真寺,,,,,
山东,东昌府,,十里铺清真寺,,,,,
山东,东昌府,,闫村清真寺,,,,,
山东,东昌府,,张尹庄清真寺,,,,,
山东,东昌府,,城内清真寺,,,,,
山东,东昌府,,张鲁清真寺,,,,,
山东,东昌府,,朝城清真寺,,,,,
山东,东昌府,,路满清真寺,,,,,
山东,东昌府,,刘营清真寺,,,,,
山东,兖州府,,张秋清真寺,,,,,
山东,临清州,,邱城西街清真寺,,,,,
山东,临清州,,韩西固清真寺,,,,,
山东,临清州,,贺堡清真寺,,,,,
山东,临清州,,西常屯清真寺,,,,,
山东,临清州,,韩庄清真寺,,,,,
山东,临清州,,陈村清真寺,,,,,
山东,临清州,,杨二庄清真寺,,,,,
山东,临清州,,洪官营清真寺,,,,,
内蒙古,卓索图盟,,察素齐清真寺,,,,,
内蒙古,卓索图盟,,包头土默特右旗清真寺,,,,,
内蒙古,哲里木盟,,通辽库伦清真寺,,,,,
内蒙古,哲里木盟,,通辽开鲁清真寺,,,,,
内蒙古,阿拉善厄鲁特旗,,阿拉善阿左旗好来包和别格太清真寺,,,,,
